name,age,street,city,state,zip,lng,lat
Eric Lucas,57,468 Young Circle,Sanfordview,Maine,65114,130.436443,-61.4108405
Mr. Scott Guerra Jr.,31,87381 Lorraine Vista,Fieldstown,Mississippi,39108,-174.849072,-3.423502
Sean Turner,23,90453 Little Cove,Lake Davidborough,Maine,26616,19.979852,-6.296218
Cheryl Cook,57,706 Hannah Island,Darlenebury,Michigan,50495,27.255470,25.309547
Michelle Velasquez,32,88340 Price Prairie Suite 513,Lanemouth,Nevada,49297,11.868177,-61.384930
Kim Smith,62,271 Jenkins Locks,Rodneyborough,Kentucky,93434,99.278940,-83.1182975
Michael Rodriguez,79,5294 John Island Apt. 500,East Adamtown,Illinois,76481,-171.725832,89.137463
Brianna Yang,18,655 Benjamin Manor Suite 675,New Roberttown,Montana,27341,66.541612,5.7189835
Mr. Brandon Larson PhD,31,9623 John Island Suite 592,Johnsonmouth,North Carolina,41238,-138.485015,13.945536
Kristin Miller,28,8145 Johnny Cliffs Suite 382,West Eric,Maine,39002,-76.718479,34.0019625
Ronald Murphy,76,9556 Adam Lodge Suite 270,East Travis,Nebraska,74713,-110.590226,-49.1356865
Janet Thompson,31,50579 Foster Stream Suite 115,Port Zachary,Nebraska,53508,-67.826739,82.3276405
Gavin Payne,38,26063 Valentine Village Suite 815,Millerland,Indiana,31253,-84.667621,8.2907625
John Peterson,23,08139 Sweeney Manors Suite 967,Ernestport,Wyoming,91512,-22.228140,70.248732
Victoria Hensley,42,7341 Peters Parks Apt. 922,Romantown,Kansas,59547,-176.200431,85.279000
Alan Thomas,25,860 Kevin Flats,Gordonport,Florida,26689,19.755934,-70.1054405
Christopher Ellison,35,5949 Stephanie Track Apt. 396,South Julieshire,Delaware,10975,-77.553182,-50.128099
Jason Keller,64,586 Kevin Way Suite 317,Williamsfort,Colorado,29828,7.881312,86.372683
Mark Fleming PhD,33,04340 Fuentes Island,Robertstad,Kansas,60290,-170.373073,21.704320
Katrina Santana,32,562 Gonzalez Springs Apt. 451,Cobbfurt,Delaware,20769,146.260500,-55.154950
Marie Santos,41,1457 Robert Mount Apt. 768,Osborneville,Kansas,21581,80.547013,-54.9588915
Christina Rivera,80,2324 Christopher Valleys Apt. 110,West Tracey,Massachusetts,26835,-163.586722,75.438442
Jeffrey Bender,25,2026 Walsh Viaduct,East Coreyberg,North Carolina,16140,-17.330012,-9.1995135
Brittany Thomas,48,46411 Seth Plain,Johnburgh,Michigan,70454,122.644572,-73.605649
Juan Rodriguez,68,2961 Katherine Forge,Kathrynland,Maine,53405,-138.367962,-70.8216905
Vincent Klein,67,224 Samantha Flats Apt. 924,Port Anitabury,Alabama,30108,95.470813,5.408750
Kayla Castro,43,1794 Christina Neck Apt. 346,Leonhaven,Colorado,23061,64.809981,-57.618393
Stacey Morales,47,367 Wendy Plains,Derrickhaven,Iowa,76757,146.483736,-64.6175415
Hector Nielsen,56,998 Emily Ferry,Gonzalezshire,Texas,68084,-97.172047,3.446543
Monique Clark,33,06049 Bennett Drive,South Donaldborough,Kentucky,36821,167.800301,7.9419335
Jeffrey Horton,21,2506 Virginia Viaduct,Port Donald,Alaska,75177,-177.545855,61.6984535
Ashley Thompson,73,187 Johnathan Club Apt. 418,Mckayshire,Colorado,48168,-109.888775,64.5683865
Edward Kline,41,9254 Diaz Drive Apt. 327,Sheilatown,California,68306,-81.800076,-88.6114655
Tara Hunt,58,322 Charles Garden,Harrisonmouth,New Jersey,32721,34.462935,-70.850301
Stephanie Wright,58,587 Moore Neck Apt. 398,West Julie,Montana,34819,-107.034394,-58.509801
Barbara Salazar,63,35497 Nichole Spring,South Michellefurt,Minnesota,23093,-98.036459,-42.340658
Emily Gonzales,37,6314 Brown Neck,Robinburgh,Indiana,47800,17.851397,0.9278705
William Davidson,71,58648 Williams Lights,Mcleanview,Idaho,68767,59.390277,79.512143
Hannah Garcia,69,473 Rivera Shore Apt. 798,Joshuaview,Delaware,26432,-35.885060,-83.2373435
Nicholas Levy,56,4898 Smith Forks Suite 413,New Nancyburgh,Idaho,05349,77.854704,-56.832715
Mrs. Mary Harris,23,34543 Debra Isle,Lake Melissa,Nevada,21846,141.205935,-88.3224885
Steven Blackwell,79,22205 Fischer Port,East Bonniebury,South Carolina,50511,-28.159944,54.050205
Amy Lewis,62,762 Anthony Port,Gillchester,Utah,02392,-71.046143,7.374106
Benjamin Adams,55,04713 Lisa Stravenue,Ericburgh,Wisconsin,92214,-106.008609,32.050083
Yvonne Hardy,43,11824 Crystal Circles Suite 216,Lunabury,New Hampshire,17742,93.608157,69.9599675
Douglas Hernandez,44,05253 Miller Fields,Michaelfort,Montana,14927,44.030486,62.534552
Judith Johnson,44,15361 Paul Streets Suite 324,Hamiltonville,Nevada,56909,-29.027398,40.4539765
Lindsey Pratt,37,22117 Garcia Divide Apt. 801,Shawnmouth,Vermont,17329,108.874604,66.4855055
Frederick Matthews,66,66549 Smith Garden,Stewartshire,Missouri,12128,-96.224406,-24.016195
Amanda Huynh,45,1592 Bryan Ramp,East Chadtown,Ohio,98584,-128.875331,-13.2884875
Jennifer Houston,28,2534 Norton Locks Suite 597,West Joseph,Pennsylvania,27411,-156.927880,48.659983
Lori Lee,43,573 Nelson Springs Suite 317,New Juliamouth,Kansas,28505,175.205593,19.264368
Samantha Henry,77,55761 Barajas Junction Apt. 663,South Karenland,Kansas,27189,121.310759,-62.249890
Elizabeth Anderson,80,25877 Lindsay Points Apt. 165,South Elizabethchester,Idaho,11975,84.868910,-82.722663
Kristy Smith,59,9642 Jeremy Island,Kristenland,Maryland,14131,-111.321340,-31.9921205
Joseph Bell,71,778 Natasha Turnpike Apt. 846,South Carolberg,Kentucky,03048,43.308295,80.433993
Evan Mendez,56,30574 Rita Plaza Apt. 717,Ericstad,Alaska,81777,-134.653795,-35.257846
David Brown,51,503 Walker Ports,Lake Evanbury,Wisconsin,02221,82.789889,54.2042375
Vanessa York,56,9781 Michael Pike,Lisafort,Missouri,39197,-23.004238,-29.6616275
Mr. Rodney Ashley,46,682 Ian Court Apt. 590,West Mackenzie,West Virginia,14222,133.778518,58.2750355
Caitlin Davis,74,0885 Jacobs Cape,North Lauriefurt,Hawaii,83935,151.232292,-62.557983
Linda Gonzalez,43,469 Ellen Inlet,New Charles,Georgia,55799,106.313971,-11.8182665
Thomas Barber,19,360 Walker Junction,West Matthewbury,New Jersey,62599,-172.962914,34.8113645
Jeffrey Singh DDS,77,4625 Chelsea Circle,South Katrinaland,Oregon,41453,-11.291227,65.571197
Jenny Powell,79,1625 Amy Plains,New Joshua,Maryland,20775,-5.398556,35.950021
Dr. Carolyn Brown,31,8345 Pittman Harbor,East Kimberly,New Hampshire,92783,-39.228618,25.1103765
Megan Page,73,8945 Medina Views,Robertview,Mississippi,97696,26.361626,46.3258795
Alex Ramirez,23,1977 Sloan Club Suite 318,New Rita,New York,50296,-112.356224,-29.354604
Zachary Pearson,21,46148 Stephanie Ridge,East James,Pennsylvania,87786,-104.760194,-56.689086
Mr. Andrew Washington,79,5672 Michael Land,North Jacob,North Dakota,08832,125.716717,-49.153224
Kristin Gibson DVM,57,15383 James Forge,Seanmouth,South Carolina,24015,-23.104577,-26.5876255
Michael Cannon,30,242 Figueroa Road Apt. 260,South Scottport,Arkansas,10320,-104.669045,38.543716
Ralph Ross,36,91656 Sanchez Square Apt. 959,Lake Christopherfurt,New York,94568,60.601918,-37.523135
Laura Thomas,34,7789 Kayla Island,Myersfort,New Jersey,09647,-43.777342,-70.388919
Rachel Schroeder,41,09580 Mccullough Ranch,Michaelfurt,Nebraska,52293,-133.853947,24.8184175
Danielle Miller,63,30201 Pearson Path,North Erichaven,Florida,46660,-139.009767,55.520455
Gina Bowers,27,80225 Steven Cliffs,Hernandezborough,Utah,99736,44.418232,-8.1477715
Denise Clark,44,67868 Zachary Loop Suite 929,Gregoryberg,Virginia,65892,142.239140,68.485076
Kevin Mata,54,598 Hunt Cape Apt. 745,East Allisonton,Kentucky,43071,10.016885,-37.590510
Deborah Watts,23,049 Stacy Crossroad Suite 975,Grimeshaven,Utah,05651,-6.633577,73.7294455
Lisa Murphy,79,97893 Brown Port,New Andrew,Iowa,24530,-86.531994,-43.6615295
Jennifer Wolf,54,9956 Smith Knolls,Porterport,Kansas,55411,-171.177157,60.5926015
John Kennedy,30,87686 Wilson Radial Suite 770,East Crystalshire,Louisiana,75165,15.680472,67.9194625
Debra Jones,29,60100 Keller Fort,Patriciabury,Montana,60302,-87.178104,1.689499
Reginald Calderon,80,602 Moran Point Apt. 652,Dawnville,California,16006,35.235900,-41.0892795
Kevin Griffin,51,2648 Cook Views,West Gina,Michigan,34404,64.015298,76.849866
John Johnson,39,22674 Hughes Rapid Suite 532,Port Shawn,Vermont,23991,81.104906,-27.595231
Stefanie Bowers,20,75728 Wade Lane,Maryhaven,Colorado,69161,-170.773179,-81.1463825
Regina Perez,66,2110 Misty Ports,Shannonberg,Virginia,52762,166.731276,-21.4925585
Mr. Vincent Hodges,65,2741 Patricia Radial Suite 729,Seanborough,Oregon,20205,-84.710643,67.210214
Carrie Erickson,54,467 Scott Ports,Lindseychester,Rhode Island,89950,-143.291330,13.401228
Debra Fisher,62,50875 Lindsey Track Suite 269,Thompsonport,Georgia,89072,-28.018525,41.9559405
Vanessa King,31,468 Richard Roads Suite 933,Sloanhaven,Utah,77904,-8.595627,67.291679
Matthew Potts,40,260 Marsh Mountains Apt. 012,Brandibury,Oregon,38940,-2.624172,-15.8439695
Joel Smith,55,0500 Marvin Heights,Port Rachaelstad,Oregon,87198,121.958591,82.4749005
James Hamilton,19,41226 Collins Radial Suite 366,Port Courtneyberg,Massachusetts,61885,146.206866,41.896973
Emily Delgado,37,08150 Holland Garden,Erinchester,Alaska,86341,126.517618,2.7000135
Jennifer Perry,57,60045 Brandi Plain Apt. 305,West Kathryn,Michigan,50502,-58.404486,3.0340475
Brenda Hodge,35,8740 Kelly Trail Suite 939,West Kim,West Virginia,85171,-133.056895,36.487839
Juan Watson,35,0376 Melissa Mills,North Matthewview,Virginia,76098,-160.575063,-42.4148595
April Gonzalez,32,3715 Blake Forks,Michaelstad,Minnesota,31863,-97.405578,1.232341
Kelly Kelly,20,0244 Wendy Expressway,Holmestown,North Carolina,26554,-96.082768,-71.029611
Cynthia Walter,51,102 Smith Spurs,Vincentbury,Oregon,42826,38.598220,76.3669095
Christopher White,39,06729 Michael Pines Suite 157,Jamiefurt,Alabama,12697,-132.185367,61.3544695
Gina Scott,50,68573 Michele River Suite 958,Franktown,Illinois,65374,92.036292,86.207132
Christopher Sanford,21,33986 Amanda Rue Suite 696,Lake Jacob,Arkansas,13699,2.870606,-33.0500515
Lacey Burns,26,8755 Matthew Drive Apt. 149,Port Yolandaberg,Arkansas,69978,-106.855701,-45.2924445
Bridget Young,35,0081 Michael Spurs Apt. 600,South Christianfurt,Nebraska,10617,-67.435518,-74.226402
Sarah Scott,68,4586 Wheeler Falls Apt. 757,South Toddbury,New York,81407,106.158273,29.2194425
Jermaine Hernandez,34,91286 Mark Locks Suite 483,Christophermouth,Florida,09862,-35.013491,26.259201
Jerry Murray,72,70517 Randall Run Suite 349,Port Christie,Indiana,52180,-92.621987,16.134866
Scott Park,79,091 Hughes Tunnel,New Brittanymouth,Nevada,33283,15.646876,18.155632
Devin Tucker,50,15255 Anderson Port Apt. 851,South Briana,Oklahoma,51183,-102.407233,12.5415555
Jesus Howell,62,690 Gabriel Hills Apt. 981,Christineland,Utah,23016,-109.191252,-76.141777
Michelle Kelley,64,59448 Sandra Lock,Kelseyland,Hawaii,37373,125.136830,-64.607817
William Rodriguez,77,3928 Melissa Cliff,Hudsonchester,Wyoming,40175,-147.773567,87.194165
John Davenport,59,75863 Amy Spring,Valerieview,Wisconsin,20140,-112.619629,68.5661815
Robin Brown,66,3317 Barber Cove Suite 661,New Shawn,Nebraska,13599,-6.892086,63.318029
Arthur Brown,57,02163 Hamilton Glens Apt. 967,Steinburgh,New Hampshire,41473,91.418544,-61.139217
Erik Andersen,24,593 Sharon Fork,New Tiffany,Oregon,83158,-163.909442,-45.1294005
Terry Perez,55,503 Justin Ford Apt. 942,South Benjaminhaven,Alaska,42252,-65.243261,-10.4633865
Patrick Sanchez,40,328 Kimberly Plaza Apt. 321,West Scott,West Virginia,68795,53.645560,-23.9236205
Aaron Thornton,41,0492 Karla Vista Apt. 329,Christophermouth,New Hampshire,01492,-179.785037,26.541398
Nathan Rosales,59,302 Campos Mission,Port Amandaville,California,43134,-52.592047,14.764638
Daniel Haney,56,44566 Jeffrey Centers,East Colinland,Kansas,87364,-115.914866,-88.0118535
Anthony Savage,38,585 Raymond Burg,South Sandra,Michigan,31992,84.843895,-79.546252
Brett Clark,46,321 Amanda Well Apt. 705,East Matthewland,Arizona,88700,34.546718,-7.437639
Matthew Sanchez,52,2165 Morgan Corners Apt. 797,New Markborough,Arkansas,33133,169.200505,43.7103655
Teresa Malone,42,1389 Taylor Cliffs Apt. 294,Lake Andrewport,Maine,28679,146.536372,65.2455285
Christopher Garcia,73,013 Tyler Rapid,Sheppardstad,Colorado,34216,38.744917,73.1729165
Christopher Edwards,35,9746 Marcus Locks Suite 932,Bookerberg,New Hampshire,48019,8.102108,-46.4968085
Rebecca Vasquez,48,800 Ware Centers Apt. 904,Kimberlyshire,Alabama,67081,121.331445,76.390099
Laura Brewer,75,12660 Donna Fords,West Connor,Delaware,47602,-14.112002,10.1697855
Richard Becker,28,530 Courtney Place,Port Jessica,Florida,64671,-43.672199,58.2696135
Kyle Brown,60,118 James Mission Suite 627,Bucktown,Illinois,43567,-161.966320,86.6328905
Carrie Villa,66,935 Davis Land,New Dustin,New York,66572,158.035126,-22.299755
Betty Stone,56,7807 Tiffany Crest Suite 348,West Elainechester,North Dakota,53372,-114.224038,17.1841995
Samantha Ward,49,79228 Lee Spring,South Tinashire,South Carolina,46393,88.051036,58.0308995
Darryl Neal,57,04097 Gonzales Loaf Apt. 640,Jodimouth,Idaho,85104,-53.674533,-28.8731885
Hannah Nelson,42,15653 Reynolds Course Apt. 341,Lake Nathan,California,76213,113.816160,-41.713868
Caroline Pugh,22,8410 William Street,North Rebekah,Minnesota,49060,-121.477799,-3.881493
William Hernandez,19,62584 Cook Village Apt. 646,Anthonybury,Minnesota,04840,-13.075833,69.5577335
Richard Hicks,68,4877 Smith Drives,South Teresa,Arkansas,36865,164.027852,-54.4398835
Cody Henry,21,32097 Simon Forest,Johnsonmouth,North Carolina,92348,-130.262669,-22.9559185
Donna Hayes,79,34541 Brown Square Suite 932,Port Daniel,Georgia,47123,-121.743660,63.522533
Christina Dunn,71,4815 Susan Crescent,Thomasmouth,Georgia,33560,-63.160689,-33.314572
Carrie Garcia,59,746 Garcia Forge Suite 409,Garzahaven,New Mexico,07573,162.399464,82.7029325
Sherry Vargas,41,77398 Hall Trafficway Apt. 597,Villanuevahaven,Tennessee,35249,-148.149071,-75.4580885
Denise Smith,60,679 Susan Drive,Weaverport,Hawaii,41270,38.790942,39.7550855
Emily Burke,55,5142 Bishop Valley Apt. 230,Lake Marissashire,Kentucky,56321,-100.717308,33.523852
Daniel Parks,68,83799 Christina Springs,Davenportstad,North Carolina,90609,-143.001541,-31.009520
Julian Shaffer,23,307 Wells Pass,North Joseph,Iowa,37392,68.187373,-77.876623
Patrick Sullivan,50,1472 Stewart Locks,Andreshaven,Maryland,73356,62.880178,-16.2488285
Michael Harrison,65,55392 Johnson Mall Apt. 016,Jessicabury,New Jersey,65095,-42.806958,13.498165
John Boyd,66,46915 Rodriguez Falls Apt. 824,Reynoldsfurt,Texas,40811,168.850278,-16.8400315
Amanda Phillips,61,47443 Collins Village Apt. 604,Patricktown,Kentucky,77533,-56.802691,26.596797
Nicholas Brown,46,9990 Summer Causeway Suite 145,Lake Dawnton,Virginia,80408,120.374194,40.6103675
Leslie Young,63,0732 Nicole Viaduct,South Christian,Georgia,47652,-127.657013,74.650610
Calvin Brown,19,230 Matthew Courts Suite 759,Priscillashire,Indiana,35834,-159.641520,-83.842854
Aaron Cole,42,339 Shirley Circle,Staffordbury,Nebraska,44612,-129.022735,-25.2104395
Sharon Duncan,32,5842 Krystal Dam Suite 601,Leonview,Kentucky,69186,-51.753330,-14.7383505
Xavier Villanueva,50,88929 Duncan Prairie,West Monica,Nevada,74788,170.261598,-71.3292105
Lisa Bartlett,43,8940 Michael Mission,North Teresachester,Iowa,47655,-50.367477,-47.345334
Alejandro Booth,67,5990 Lozano Land Suite 083,Port Jim,Alabama,07691,-29.695366,24.526995
Christina Ortiz,38,2335 Miller Roads,Lake Larry,Delaware,40613,97.345885,12.844207
Charles Henderson,73,884 Sanchez Shore,New Kathleen,Iowa,19976,-26.156660,30.2540865
Alexandra Williams,54,11518 Howard Roads Suite 074,Danieltown,New York,26112,68.041167,60.3179985
Dustin Reynolds,59,736 Shields River,North Steven,Connecticut,20390,-84.674265,-77.2396975
Matthew Stephens,58,50081 Tate Plaza Apt. 501,Burgessland,Illinois,32601,16.975214,54.3362395
Charles Winters,78,88592 Monroe Walk Apt. 205,North Jamesshire,Virginia,89903,8.097777,-31.3594675
Alexander Mitchell,36,2059 George Glen,Delgadoville,Florida,93087,50.569475,-44.5215485
Joshua Ware,60,580 Michelle Cove Suite 054,Gravesshire,New Hampshire,75024,-75.386457,74.5670085
Courtney Smith,80,8859 David Shoals Apt. 978,Port Toddborough,North Carolina,01029,35.195181,-45.120533
Erin Cannon,25,605 Amanda Stravenue,New Sheriborough,Colorado,41726,127.257950,-71.0877145
Terry Baker,34,54963 Cody Squares,Jenniferfurt,Vermont,59728,-107.832963,-62.5552415
Laura Williams,74,67616 Hubbard Circle,Port Kathy,Indiana,83001,165.579013,-89.4747445
Lisa Lewis,31,53346 Jesus Cliff,Longland,Oklahoma,16888,80.040090,-23.870288
Richard Cook,79,306 Ryan Underpass Apt. 934,Wolfeberg,Ohio,74625,57.506353,56.0579715
Aaron Yates,25,077 Rachel Freeway,South Robinton,Colorado,84484,110.894667,-55.5215725
Angela Myers,68,3264 Malone Ville Suite 733,West Timothychester,Florida,56163,-105.091478,-56.525471
Joseph Myers,21,63249 Caleb Falls,Smithland,Louisiana,62377,11.181223,-69.3267965
Jessica Hamilton PhD,74,30775 Jessica Square,Warrenhaven,Nevada,55564,152.439135,-78.501396
Mr. Jonathan Houston,55,05030 Hensley Land,North Deanmouth,Illinois,06147,-8.017575,-80.4487895
Erin Ward,68,0492 Lawson Groves,New John,North Dakota,88029,176.923820,-46.146142
Angela Kaiser,45,1380 Caitlin Ridges,West Nicole,Wisconsin,02372,-100.287359,-52.8787285
Nathan West,75,745 Hill Vista Suite 196,Port Jasmineport,Ohio,50505,130.950450,-86.5926825
Joseph Valdez,76,189 Davis Spur,Port Kentton,New Hampshire,99743,-128.607573,-60.714472
James Schultz,61,7407 Hannah Spur,Port Joseview,Oregon,63408,-97.120709,-63.600009
Ashley Ward,20,7595 Hamilton Village Suite 821,Jasonton,Pennsylvania,47441,-179.199220,-69.2522625
Justin Jones,72,190 Taylor Ranch,West Andrew,New Jersey,12167,-174.724667,6.650482
Linda Harrell,34,607 Massey Creek Apt. 163,Port Danny,Nevada,28005,115.190752,40.466451
Wendy Bennett,78,63225 Joseph Oval Suite 018,Lake Jennamouth,Minnesota,56973,93.232375,-51.826560
Thomas Stewart,18,43965 Vasquez Ports Apt. 501,Ortizhaven,Hawaii,16437,-130.757241,78.252917
Amanda Rios,52,084 Jennifer Overpass,Markborough,Texas,94784,71.331132,-68.741103
Jean Galloway,45,847 Robert Loop Suite 636,Seanview,Louisiana,59883,-0.998407,-88.1922585
Joshua Banks,68,39193 Billy Neck Suite 504,North Gregory,Kansas,94707,46.838451,71.990513
Tammy Fox,64,7691 Jarvis Mountains,Marymouth,North Dakota,25455,57.235487,88.609255
Heather Lamb,37,622 Monica Squares,South Mary,Arkansas,30123,6.453657,-64.9254975
Robert Lee,79,6148 Linda Oval,Johnsonburgh,Indiana,86955,-55.386585,47.194474
Lisa Molina,51,02858 Courtney Turnpike,Nancymouth,Montana,73908,-79.673039,28.935163
James Sanchez,24,5883 Natasha Squares,Ortiztown,Tennessee,62380,77.532951,5.551614
Angela Myers,75,77891 Taylor Landing,North Carrie,Alaska,93784,-101.532402,-51.5416935
Mrs. Nicole Coleman,32,8258 Turner Crossroad,Bettyport,New York,66496,158.564974,-83.654516
Kim Smith,24,691 Hunt Village Suite 857,East Patricia,Washington,36823,-148.768529,-23.670300
Makayla Dunn,53,123 Ivan Inlet Apt. 455,West Sarah,Wisconsin,30044,-80.117265,54.8697725
Nicholas Franklin,68,2298 Coleman Green Suite 068,Cooperville,North Carolina,00636,-107.205943,-69.1291175
Colleen White,28,5706 Sandra Bypass Suite 949,New Victorialand,Hawaii,41789,156.404718,0.1254055
Eric Johnson,49,812 Blackburn Mills Suite 517,Christopherstad,Connecticut,03072,-8.403243,16.5345675
Linda Payne,48,358 Melanie Fork Apt. 941,East Melissaview,Mississippi,62769,118.675427,-75.628721
Rebecca Rios,65,8251 Shawn Cape,Lake Jeffreychester,Arkansas,39847,117.775528,25.1147745
Jennifer Aguilar,68,405 Sheila Ridges Apt. 436,Lake Donald,Minnesota,21587,95.325244,55.6394525
Christopher Mckinney,30,916 Miller Valleys Apt. 010,Port Peterside,Delaware,20447,112.657492,11.0913895
Mark Bennett,29,5482 Robertson Glen,Ericaborough,Missouri,97615,174.874980,-68.7973045
Anna Guerrero,58,329 Ayers Island,North Jared,South Carolina,34666,107.999154,66.415384
Deanna Schaefer,25,361 Hoffman Summit,Paigeshire,Alabama,91577,51.218186,-82.472811
William Vazquez,75,81294 Thomas Lake,Lake Davidborough,Illinois,51650,143.322142,5.3439935
James Greene,59,5175 Medina Lodge Suite 513,East Robertfort,Mississippi,22737,164.026689,69.8412295
Julie Jones,35,75205 Powers Gardens Suite 699,Fishermouth,Arizona,86056,15.998383,54.6706145
Beverly Page,44,0835 Brown Vista,East Donaldshire,Washington,06991,-80.020085,65.4384315
Daniel Rodriguez,70,19730 Davis Crescent,Port Jeremyville,Nebraska,35828,-61.549725,66.432937
Emily Owens,66,6414 Ortiz Groves,New Isabelmouth,Kansas,90258,-21.049617,-72.9816505
Pamela Munoz,80,876 Santiago Rapid,Lake Abigail,New York,27546,86.528518,61.4808335
Melinda Davis,54,72192 Collins Union,Shannonmouth,Georgia,23606,-3.504616,27.056733
Bailey Perry,56,85114 Mccoy Station Apt. 025,Perezberg,Nevada,57559,79.376381,-12.5718505
Cynthia Norris,62,2794 Rodriguez Passage,Bradleyland,Maryland,22941,-76.827338,88.8796275
Amanda Mcbride,58,79517 Kevin Crescent,New David,Colorado,88539,100.762645,-70.371440
Melissa Mejia,57,56151 David Corners Suite 029,Joshuaview,West Virginia,51340,158.536796,19.0043925
Logan Parsons DDS,58,80215 Myers Groves Suite 987,Lake Tina,North Dakota,84789,-72.032834,-9.8387145
Jesse Hart,72,129 Brian Corner,North Jonathanfort,Kentucky,78410,168.454136,-89.946133
Ashley Turner,60,6261 Christine Glen,North Vanessaberg,Indiana,64434,-75.407996,-25.580108
Lance Kennedy,67,8993 Patton Inlet,Nguyenside,California,87998,70.210088,-75.862682
Patricia Mckee,69,79390 Lee Hollow,Jacquelineville,Indiana,59419,-102.071136,-75.8109085
Alicia Porter,50,8741 Garner Ranch,Rebeccaborough,Vermont,81347,38.090764,85.9104765
Angela Edwards,73,18104 Washington Vista,South Tabitha,Michigan,41756,-46.714850,-73.193970
Michael Gordon,20,644 John Valley,South Caitlinton,West Virginia,38917,-71.796662,54.271946
Cathy Hardin,18,2470 Smith Route Apt. 335,East Alexander,Tennessee,92939,-159.445343,88.9945225
Lisa Camacho,26,01823 Russo Trafficway Suite 079,Penaborough,Colorado,88848,37.911425,-40.145508
April Hall,62,50862 Samantha Unions,Brittanyland,Alabama,82968,-153.531732,-22.121352
John Sullivan,37,136 Payne Square,Port Marktown,Rhode Island,14305,82.910804,86.654508
Jack Johnson,79,1107 April Orchard Suite 596,West Melissa,Vermont,83029,-64.852569,-57.5846425
Jason Clark,55,003 Cathy Meadows Apt. 759,Amandashire,Massachusetts,27268,45.186355,33.340377
Colleen Li,57,393 Amanda Crest Suite 251,Matthewmouth,Arizona,10100,-5.935905,-72.034354
Ryan Hopkins,73,20670 Ashley Prairie,East Jameston,Maryland,85708,83.378400,81.808961
James Watkins,42,834 Hill Garden Suite 233,North Dale,Georgia,25924,68.787350,53.5947005
John Mack,47,595 Kimberly Ways,Brianshire,California,06047,31.565027,-41.349962
Seth Boyle,23,106 Green Island Apt. 009,West Kelly,Vermont,44065,0.278646,-16.863136
Stanley Green,50,3483 Hamilton Street,North Kathryn,New Mexico,15144,122.533932,73.5968745
Wanda Doyle,35,386 Garrett Ridges,Port Alexander,Montana,23249,154.629984,41.762919
Mandy Roberts,58,738 Martinez Pine Apt. 037,Osborneberg,Hawaii,52611,81.458102,-82.426004
Phillip Craig,43,76998 William Trail,Hernandezborough,Hawaii,14106,124.995185,-63.1787965
Danielle Brown,29,962 Desiree Island Suite 088,North Logan,Texas,50297,169.397953,26.265373
Stephanie Dillon,29,15605 Sims Parkways,Riveraport,Pennsylvania,78788,36.423755,-40.0621615
Charles Ball,67,646 Stewart Skyway Suite 560,Owensmouth,Indiana,82560,-145.239549,63.3616165
Kelsey Rogers,54,77880 Roger Shoals Apt. 887,Whitechester,Wisconsin,96409,29.127412,-59.4716605
Justin Wilson,80,5935 Fletcher Dale Apt. 449,New Miguelstad,Wyoming,66490,139.937585,-84.9190585
Emma Peterson,67,974 Young Shores,New Kimberlyshire,Utah,13283,41.012940,-0.234983
Gabrielle Smith,49,0099 Jay View Suite 661,Carterfurt,North Carolina,52261,-37.756635,-29.187792
Daniel Fry,38,946 Gomez Gardens Suite 148,Samanthaton,Illinois,64676,-65.798068,9.4199975
Jason Torres,58,2675 Klein Key Suite 614,Martineztown,Washington,30362,-117.222538,-79.5701685
Christopher Francis,25,8521 Stephanie Ville Apt. 762,Jasonville,Arizona,41904,-83.920008,-41.1408335
Jon Becker,45,0842 Danielle River,Annastad,South Dakota,21203,10.574974,-11.720099
Sharon Taylor,25,931 Victoria Glen Apt. 223,Thomaston,Alabama,69037,-124.536602,-0.477501
Victoria Mccann,47,82001 Stevens Mount,Lake Amberberg,Vermont,65324,104.850732,-40.314223
Melvin Pollard,55,6941 Wilson Brooks,North Jessica,Montana,25285,88.407222,5.119529
Sharon Kennedy,80,207 Hale Ville Apt. 186,South Christopherfurt,Maine,90284,-160.867091,-65.768575
Cheyenne Thompson,56,3616 Dixon Locks,North Suzanne,Nebraska,58638,-152.635840,-29.027641
Paul Neal,79,581 Jose Crossing Suite 599,Carterberg,Pennsylvania,92542,139.223282,14.5697165
Stephanie Logan,43,3641 Martinez Union Suite 718,Joshuastad,Alaska,67592,18.476232,38.5024225
Mr. David Martin,41,07665 Mackenzie Prairie Apt. 646,Ericside,Wisconsin,27595,-139.255916,77.848992
Amanda Hart,55,211 Bryan Flats,West Todd,Wisconsin,28714,117.005564,-46.8637205
Mr. John Schultz,77,5117 Melissa Lock Suite 835,Ericaborough,Kentucky,76945,-117.858237,-14.4034475
Kevin Barrett,53,333 Parker Union,North Robertburgh,Virginia,73966,43.180595,-68.597570
Randall Wong,39,1432 Jones Street Apt. 901,Nicoleville,Idaho,87215,-57.121419,-83.576033
Crystal Lewis,24,11048 Lindsey Locks Suite 414,Jamesberg,Virginia,02006,-159.100222,-36.155361
Robert Smith,40,47391 Vazquez Row,New Antonio,Illinois,12056,-28.880771,19.959088
Gary Smith,27,09010 Susan Pine Apt. 981,Timothyfurt,Illinois,66380,-159.164550,-54.888868
Mary Hensley,55,64575 Sexton Burgs,Lake Barbarashire,California,15891,171.774913,61.6533145
Kim Peterson,38,772 Amber Mountain,Terriborough,Arizona,71410,168.016589,-35.993887
Christy Yates,52,040 Medina Ports,Parrishbury,Tennessee,51485,46.085386,79.1338475
Frank Moore,56,56676 Marie Locks,Barryfurt,Minnesota,18021,172.932046,-44.1779175
Brandi Everett,41,025 James Rapids,Baldwinbury,Louisiana,01172,-93.436629,47.7734605
Mr. Timothy Stevens,71,6099 Schroeder Station Suite 907,East Brendan,Missouri,84749,93.423824,-45.6401985
Michael Scott,67,08824 Ortiz Crossroad Suite 073,Estradamouth,Wisconsin,39127,-18.758756,11.428473
Karen Hernandez,72,63634 Frederick Stravenue,South Mike,Hawaii,94639,-139.952419,-37.8656695
Scott Brown,34,5078 Jones Neck,Port Courtneyfurt,Massachusetts,62042,77.460280,7.212962
Claire Cook,76,94429 Jacob Pines,North Russell,Idaho,57354,-38.493102,-57.026996
Jeffery Hendrix,37,6422 Lynn Trail,New Tammy,Wyoming,83057,167.232787,29.952787
Joshua Patterson,78,0934 Lawrence Branch Apt. 435,Brandonstad,Delaware,33025,173.052530,-42.3214165
Bill Rodriguez,18,257 Austin Meadows Apt. 627,Palmershire,Vermont,45430,-22.089977,-23.027092
Shawn Jackson,44,5118 Marshall Walk Suite 018,South Austinmouth,Kansas,52472,-40.796603,-3.5517795
James Patterson,24,7035 Donald Unions Suite 007,West Anthony,Nebraska,12333,-112.656254,-46.844061
Sean Williams,40,064 Jonathan Stream Suite 959,Lake Johnfurt,Illinois,52959,-105.631925,74.812226
Janet Lowery,50,5985 Mccoy Mountain,Jordantown,Illinois,73524,127.910906,-35.529957
Julia French,70,0911 Stephanie Crossroad,Lopezburgh,Minnesota,17885,-13.857554,76.1005425
Denise Calhoun PhD,21,100 Brenda Pine Suite 742,Port Ronaldtown,Maine,65141,-73.813013,-78.8987805
Michael Hicks,51,09646 Robert Plain Suite 424,Ambertown,Louisiana,61439,-1.896410,-25.857922
Richard Daniel,79,8636 James Glens,West Kimberlyfurt,Pennsylvania,26920,-4.558599,9.750402
Michael Cross,42,4679 Morse Way Apt. 867,Chapmanshire,Tennessee,26664,148.644575,40.9045915
Chelsey Sharp,69,45083 Austin Row Suite 175,New John,New Hampshire,35153,25.171756,-54.5087805
Sarah Jennings,40,5521 Mcdonald Cape Apt. 280,South Angela,Wisconsin,97388,-111.846600,-28.8611155
Michael King,80,285 Steven Island Suite 446,East Christon,Michigan,99687,4.071183,6.4225795
Larry Adkins,79,3738 Woods Ford Suite 803,Johntown,Texas,46666,-164.905111,-77.3245845
William Guzman,42,706 Michael Plains,Krausestad,Georgia,29837,24.840610,80.5714895
Kyle Bush,45,03541 Danny Neck,Lake Kristen,Georgia,45668,71.487179,2.1786675
Eric Williams,66,99825 Annette Highway Suite 660,Stokesfurt,Vermont,13254,-147.842270,16.0082025
Gary Blevins,75,70200 Nolan Ridge Apt. 481,Nealhaven,Wisconsin,89593,-147.265552,-40.941873
Marc Barr,27,1757 Montgomery Road Suite 140,Baileytown,Illinois,23235,-36.580738,-6.4939065
Tara Lopez,61,94247 Virginia Rapids,Beltranmouth,Arkansas,02112,-46.752993,54.8601905
Brenda Nichols,40,50349 Destiny Mount,South Derrick,Utah,21858,68.466220,-0.118537
Sabrina Waller,50,439 Boyd Divide,North Elizabethborough,Colorado,40356,-60.144464,-69.817649
Nicholas Perkins,80,439 Tyler Pike Suite 546,New Maria,Hawaii,94776,-160.943419,-30.273642
Kim Oconnell,21,897 Jody Flat Suite 197,Lynnhaven,Illinois,29891,-169.095230,80.497075
Michael Thomas,25,392 Mitchell Trace,New Brett,New Mexico,85274,-56.025920,-84.243223
Andrew Dorsey,65,5133 Jeff Mount Apt. 101,Hillport,Maine,07567,22.864344,24.273970
Glenn Smith,30,2381 Melissa Groves,East Anthonymouth,New Hampshire,26034,174.453776,-88.8514735
Becky Wilson,37,84935 Amber Mill,Lake Joseph,Nebraska,77305,-130.977594,-63.763251
Brian Stevens,47,07446 Santos Streets,Wallacestad,Texas,11649,0.616784,23.843862
Paul Joyce,48,7073 Dunn Points,Norrisfurt,Pennsylvania,44893,-41.894482,-76.520820
Benjamin Erickson,32,943 Harris Court Suite 113,North Kevinside,Arkansas,24220,-128.004297,-41.235890
Vincent Johnson,42,802 Charles Canyon,Cruzton,South Dakota,80494,146.952381,-81.370125
Michael Walker,39,547 Lisa Common Apt. 956,Hancockbury,Colorado,72520,42.946053,69.094683
Susan Johnson,74,81336 Shelley Brooks Apt. 807,Ryanfurt,Arizona,72184,-65.314108,-77.420195
Mia Bennett,44,594 Tonya Hill,Jacobburgh,Wisconsin,24103,117.206622,23.7485825
Chelsea Stewart,44,41159 Kristin Keys Suite 549,Petersonhaven,Indiana,13536,-29.299896,65.454449
Rebecca Tyler,27,9647 Skinner Gateway Suite 816,West Cynthiamouth,North Dakota,28358,59.628693,-77.087318
Dr. Brittany Coleman,50,34354 Sandy Rue Suite 478,West Georgeview,Maine,70954,-153.608190,9.5352355
Jennifer Ramirez,32,008 Gonzalez Stravenue Apt. 550,Millerfurt,New Hampshire,37445,81.872060,60.976633
Troy Fisher,52,251 Wesley Prairie,Janetbury,Maryland,16964,-124.988656,-45.4243365
Margaret Romero,73,35733 Sean Crescent,New Samuelbury,Pennsylvania,93476,33.329302,-75.6626935
Amanda Hunter,31,725 Smith Radial,Port Christophermouth,Iowa,80905,-30.908516,-25.9032325
Amber Kelly,45,351 Glenn Trail Suite 936,Keithland,Utah,28790,143.742182,89.473060
Roberto King,24,70353 White Key,East Dianechester,Massachusetts,85511,144.348683,33.591843
Nancy Hayden,39,891 Jeanne Springs Apt. 294,North Lisa,Minnesota,84491,5.428831,79.0251825
Sandra Carlson,76,4120 Powers Valley Apt. 493,Meganville,Nebraska,29627,56.599594,-39.503190
Lawrence Clayton,43,7090 Roberts Port,Marioton,Pennsylvania,40540,162.511600,-8.855787
Rebecca Meyers,39,79733 Jennifer Pass Apt. 937,South Alexanderburgh,Wyoming,55816,12.458124,-81.3794145
Diana Russell,21,920 Alvarez Knoll Suite 164,Paulberg,Rhode Island,73821,149.490837,-84.4872875
Philip Hess,41,593 Todd Estates,Russellton,Alaska,85182,159.322815,5.153426
Michael Baldwin,75,8157 Soto Roads,North Natalie,New York,80703,-113.520540,33.4594125
Karen Clayton,63,811 Roy Wall Suite 697,Elizabethberg,Virginia,89661,166.492754,28.309262
Victoria Howell,51,667 Barrett Manors Suite 042,Lake Javierhaven,Washington,92600,-143.960073,-18.2946555
Jennifer Williams,57,395 Fleming Centers Suite 855,Petersenstad,Massachusetts,03736,-62.373134,-54.544363
Jasmine York,46,496 Richards Fort Suite 308,New Michaelburgh,Louisiana,91165,-72.468052,46.158286
Jason Griffin,68,82722 Russell Pike,West Robert,Wisconsin,06025,-170.359199,61.2873675
Michelle Salinas,58,05877 Gregory Throughway Apt. 774,Josephstad,Oklahoma,21297,62.730367,-4.1653945
Susan Reilly,51,34509 Ali Grove Suite 931,North Matthewtown,Oregon,49290,129.642686,-30.1739515
James Santana,48,32350 Jones Overpass,West Nataliehaven,Virginia,63090,-130.738869,31.231203
Timothy Roberts,74,5640 Alex Drives Apt. 327,Danielbury,Hawaii,03830,93.427554,-39.0024755
Stephen Shields,36,5216 Howard Summit,West Michael,Wisconsin,12404,-43.173538,21.460902
Jessica Martinez,28,775 Strickland Prairie Suite 351,Tracyton,North Dakota,52120,-64.154961,-43.7299765
Christopher Jordan,72,525 Anthony Light Suite 445,Hesterburgh,West Virginia,27144,26.636572,-14.9732675
Kathleen Mata,26,9368 Lee Haven,South Karenhaven,Kentucky,17722,130.444168,-11.126839
Stephen Morgan,66,220 Emily Path,North Laurietown,Washington,99596,-39.596221,-70.659857
Janet Bradley,55,544 Bob Terrace,West Calvinmouth,Maine,44296,128.801492,-63.353890
Lori Myers,76,907 Garza Hollow,Smithtown,New York,03198,106.561322,89.818370
Tammy Mcdonald,36,018 Wilson Rapids Suite 500,East Michael,Vermont,51798,108.477443,-16.815944
Logan Wade,60,2014 Bell Pine Apt. 427,Marcusland,Nebraska,03256,0.747594,3.4821975
Mark Johnson,20,0924 Matthew Locks,East Madison,Oklahoma,68880,-65.429138,-40.1451645
Elizabeth Orr,40,164 Johnson Centers,New Jennifertown,Georgia,47870,-75.667343,-21.233475
Mr. Russell Murphy,27,9386 Kristen Locks,Davisville,Hawaii,12517,173.158285,17.252332
Amanda Mays,35,20968 Anthony Pines,Lake Matthew,North Carolina,74393,53.269507,-39.633032
Gail Carr,49,3176 Taylor Course,Jamesstad,Louisiana,34845,-51.205876,62.7902335
Gina Johnson,38,01962 Wade Ways,Millertown,South Carolina,12379,99.197340,32.501346
Paul Thomas,21,3112 Shepherd Place,Berryview,Florida,19346,152.452190,84.119633
Mary King,60,1945 Erik Parkways,East Amyport,Florida,71089,-44.294604,1.3483595
Patricia Sanchez,79,290 Nielsen Forge,East Jennifer,Oklahoma,52974,54.469127,-77.583673
Michelle Adams,41,093 Erika Burgs Suite 217,Shieldston,Rhode Island,29814,-34.134336,-79.145171
Mr. Christopher Johnson MD,45,831 Stephenson Brooks Suite 609,West Catherineside,Indiana,91145,-138.012396,-32.7873885
Daniel Jackson,32,660 Vargas Rue Suite 698,Brandontown,Ohio,38314,-71.079811,-1.808458
Brian Butler,43,41362 Stephanie Ridges Suite 087,Williamschester,Louisiana,07361,87.290331,-4.8640185
Heather Lopez,46,7015 Coleman Circle,New Julie,Virginia,49267,-70.236234,-78.608975
Robert Adams,69,34217 Hickman Pike,Rogersport,Wyoming,89118,-56.694536,60.1650255
Briana Spears,58,23234 Love Station Suite 100,Lake Jennifer,Georgia,87200,-19.029956,-55.1511345
Angela Johnson,28,35390 West Circle,Wileyshire,Washington,60310,-128.731562,44.312419
Mitchell Glenn,52,48415 Hines Drives,South Williamstad,South Carolina,45666,18.965823,-45.262873
Gerald Owens,64,84836 Phillips Center Apt. 363,Mollyville,South Carolina,68108,-126.895530,81.0227605
Sharon Davis MD,40,62754 Lee River Apt. 291,North Tracy,Oregon,86057,-107.003978,83.0347195
Kenneth Mcintosh,51,643 Leslie Mill,Wilsonmouth,Texas,20283,153.638458,32.237914
Brandy Parks,46,159 Eric Brooks,Port Mariechester,Kentucky,04149,-75.032001,-53.1844155
Jennifer Valentine,18,1076 Cathy Landing,South James,Wisconsin,86386,54.949221,1.2664815
Joseph Young,41,5408 Jessica Underpass,Dawnshire,North Dakota,29638,-167.821766,-56.0978265
Mr. Austin Wall,39,647 Carolyn Land,Port Rachel,Tennessee,71156,-104.192191,38.4702635
Vincent Morris,31,2829 Adkins Points Apt. 598,Michaelmouth,Utah,60418,-80.956585,-59.803903
Gregory Cooper,70,865 John Ferry Suite 054,Reidside,Florida,31457,-42.605025,25.362111
Stephen Reed,50,0835 Christensen Road Apt. 556,New Sandra,Maine,60509,96.127800,-30.979720
Brian Bailey,33,517 Webb Pine Apt. 196,East Latoyaside,Delaware,49301,-147.392141,70.5745015
Kathleen Weber,53,05529 Raymond Trail Apt. 306,New Michael,Ohio,52555,35.174451,-70.1989815
Kevin Stephens,28,4448 May Station,Carrollstad,Oregon,83956,-30.171548,42.629756
Thomas Richardson,59,13029 Manning Glen,North Karen,Alaska,77407,0.887637,82.3908435
Michael Weaver,31,53317 Laurie Spring,Kingfurt,Oklahoma,94268,75.368515,-57.447637
John Porter,37,973 Simpson Divide Apt. 118,West Ian,Mississippi,65736,84.089961,-66.6320495
Joel Owens,25,9280 Ramirez Corner Suite 101,West Jamiemouth,South Carolina,30614,7.676743,84.9168665
Nicole Davis,27,601 Grace Pine Apt. 497,Kelliview,Arkansas,97139,-167.162440,73.484696
Makayla Webb,36,8599 Matthew Circles Suite 999,Archerborough,Indiana,42469,88.401626,41.0720675
Miranda Davis,30,150 Mcgee Freeway Suite 656,North Christopherton,Idaho,76253,11.090505,-86.867031
Zachary Yu PhD,55,476 Rachel Roads Suite 713,Reedshire,Michigan,68064,-111.986826,-16.1274205
John Villarreal,47,412 Patricia Isle Suite 844,Brianshire,Wisconsin,27372,-156.550637,-54.325532
Mariah Lewis,62,44747 Justin Wells,Erinville,Wyoming,61458,155.786706,36.4869795
Sarah Cole,47,71522 Flowers Locks Apt. 703,Gloverfurt,Kentucky,03870,-82.505256,54.401172
Cesar Smith,25,024 Alison Key Apt. 338,Karenfort,Alaska,05218,-29.709191,25.4459575
Randall Cantu,61,557 Jones Skyway,Bennetthaven,New Hampshire,72303,60.437408,-62.7878595
Kristina Sweeney,40,876 Rose Light Apt. 768,Lake Stanley,South Dakota,61355,-14.564340,48.450893
Janice King,22,4693 Ashley Junction Suite 808,Smithburgh,Florida,09800,109.912170,78.321099
Melissa Austin,36,48109 Robert Key Suite 973,Gonzalezberg,Louisiana,00876,-30.221236,25.593114
Carrie Decker,52,273 Taylor Rapids Suite 774,Freemanshire,North Dakota,85432,-81.874048,-76.9765145
Todd Moran,53,05631 Williamson Forest Apt. 027,East Kelsey,Montana,67900,179.301699,-49.3418815
Mary Reyes,41,5368 Cassandra Mountains Suite 822,Romerohaven,Alaska,69024,-141.253968,-5.4372705
Richard Cunningham,69,0040 Zamora Valley,Ramirezburgh,Alabama,54087,-37.957929,1.3377225
Hayden King,44,1614 Jeffrey Field Suite 111,Lynchmouth,Washington,88103,7.508096,-67.2338375
Christine Mcdonald,31,65275 Sloan Knolls,West Brett,Utah,21408,-123.542300,60.162681
Jennifer Martin,29,274 Lauren Station,North Kathyport,Colorado,39584,-112.998699,49.6441075
Christina Hammond,67,789 Bates Vista Apt. 094,Port Patricia,New Mexico,62706,176.942263,63.110529
Ronald Arnold,45,4519 Brian Radial,Port Xavier,Mississippi,49355,-91.778185,18.718132
Mary Allen,55,1429 Lee Cliff Apt. 777,Valerieton,Georgia,11300,-67.376832,-33.950769
Nicole Stewart,20,6031 Scott Streets,Francesborough,Alabama,44335,-177.246324,-33.4077345
Vincent Harrell,52,72475 West Orchard Suite 155,Scottburgh,Connecticut,89882,-9.614553,-75.5902915
Jessica Smith,59,98942 Holmes Knolls,Lake Jessicamouth,South Carolina,12363,101.184774,-41.2945095
Mary David,62,35784 Sanchez Row Apt. 903,Shellyport,California,66539,-42.933229,-9.0463175
Joseph Lucero,25,40011 Rodriguez Gateway Suite 102,New Matthew,Washington,51825,27.851842,-51.053899
Geoffrey Hoover,57,035 Kelly Rue,Lucasview,North Dakota,22700,130.352405,14.024401
Taylor Richardson,75,9409 Kimberly Islands,Emilytown,Colorado,28959,151.413210,76.9279955
Virginia Chapman,29,35426 Lang Rest,Smithside,Delaware,14521,-38.841130,-22.849214
Mrs. Katelyn Wilson PhD,68,28698 Katie Expressway Suite 458,Sandramouth,Ohio,76114,-118.090629,1.343598
Vanessa Burke,62,1988 Alexander Passage,Cindystad,Oregon,20388,-174.285971,56.1890555
Michael Hill,59,0553 Savage Lane Suite 259,Lake Renee,New Hampshire,29412,52.895461,-67.7465255
Holly Gibson,75,05398 Flowers Turnpike Suite 240,Port Tinastad,Tennessee,00780,112.847736,-5.348020
Kenneth Benson,66,753 Evans Stream Apt. 851,Port Tiffanytown,Michigan,56429,-93.979618,87.481140
Michael Hudson,76,17138 Jackson Way,Richardberg,New York,02792,-9.291793,78.2064525
Destiny Black,39,37535 Rodriguez Meadows Apt. 593,Barnesborough,Indiana,33492,122.864076,68.289256
Elizabeth Jordan,70,944 Ortiz Roads,Hahnton,Indiana,05540,155.036408,-85.0834685
Matthew Rubio,38,561 Jessica Station Suite 600,Mullinsborough,Connecticut,94890,149.329470,-81.3953975
Megan Guerrero,44,27507 Campos Terrace Suite 919,Port Daniel,Mississippi,58945,80.844740,-89.4494425
Melissa Park,36,845 Stokes Unions,South Kayla,Connecticut,26433,-130.817148,-47.707574
Mr. Manuel Harris,18,7879 Shawn Throughway,Youngtown,Michigan,04016,137.979359,-64.9543245
Sandra Acosta,30,3978 Mary Shoal Apt. 979,Jenniferborough,Connecticut,86585,86.290194,-37.693022
Rebecca Smith,43,430 Davila Islands,Port Josephview,Minnesota,57944,11.421495,16.4738825
Ashley Barker,38,7635 Stephanie Terrace,Lake Veronicaberg,Vermont,61424,-41.653570,76.679734
Joseph Jackson,72,4636 Cruz Viaduct,Blakeburgh,Nevada,67875,28.006078,-11.1385245
Angel Wolfe,32,5764 Donald Pass,Lake Jessicaville,Maryland,97109,-148.439574,-52.446451
Isaiah Payne,70,9574 Eric Ville,South Debbieberg,Tennessee,98607,-144.632197,-78.353629
Brian Martinez,18,288 Smith Parkway,New Johnberg,Oklahoma,21119,-154.424922,68.678600
Lindsey Cook,74,013 Taylor Tunnel Suite 086,North Tiffany,New York,21371,-120.973937,-28.023905
Paul Reyes,79,789 Jennifer Parks,Port Tylerhaven,Rhode Island,16879,42.094734,54.3361995
Marie Ford,32,65586 Sanders Green Suite 107,Lake Ashley,Nebraska,48141,-149.581741,31.341949
Stephanie Wagner,51,11847 Acevedo Valley,Ortizside,Pennsylvania,16924,132.364070,-40.779987
Steven Thompson,23,1660 Kathleen Burg Apt. 119,South Amy,Maine,16372,144.470005,89.8321455
Dana Johnson,33,715 Gregory Fall,Huffmanmouth,Alabama,74263,150.885107,17.724120
Bobby Flores,80,768 Michael Neck,North Stephen,Rhode Island,77966,-175.144220,23.1229635
Marcus Bishop,30,254 Larry Union,Tracymouth,Montana,41750,-166.892607,6.5321855
Tyler Coleman,23,21214 Brown Land Suite 093,East Michaelborough,Colorado,11465,149.879450,14.898793
Charles Gonzalez,50,0736 Daniel Trail Apt. 952,East Ashleystad,New Jersey,90802,131.790817,-7.5524365
Allison Patel,65,3852 Bowen Road Suite 587,Ramirezshire,Colorado,32792,-128.106580,74.194316
Lisa Smith,60,936 Sanchez Plaza Suite 095,South Rogerchester,South Carolina,33135,-2.705170,-39.6081055
Samuel Patterson,40,78452 Robinson Lakes,North Jenny,Florida,46866,103.284710,-41.214264
Dylan Norton,26,1000 Lewis Plaza Suite 680,Stephenchester,Wisconsin,95864,165.320851,4.4536765
Jason Yang,36,413 Kristi Road,Davisburgh,North Carolina,20449,161.429122,-22.083053
Wayne Hardy,32,2799 Christopher Village Apt. 318,Ellisville,Texas,06754,92.037379,-11.5801945
Philip Ellis,65,0720 Ellis Village Suite 957,Hugheshaven,Virginia,59095,-35.374887,-61.8877825
Debra Barton,59,895 Sexton Crest,Garciaview,New Hampshire,27253,-100.825360,32.150988
Benjamin Brown,60,360 Adams Dale,Janetborough,Delaware,24592,-67.724618,57.635761
Charles Mccann,79,6163 Velez Route,West Vincentberg,Wisconsin,97098,3.739781,-74.897228
Maria Perkins,19,036 Olivia Drives Suite 566,Cassandraside,Minnesota,41267,114.888991,-61.6849035
Elijah Cummings,66,04756 Rosales Shoals,Adamsberg,Vermont,15579,-12.262301,87.537262
Nicole Gates,76,2737 Brown Drive,Victorland,Texas,74805,96.757164,-64.370926
Amanda Delgado DDS,71,3226 Vaughan Route,South Jose,Arkansas,54945,135.208015,-40.7707815
Deborah Rice,49,8017 Ashley Vista,West Robert,Minnesota,92231,-118.680476,-4.4118125
Anthony Malone,60,69345 Maria Islands,Gomezmouth,Massachusetts,76511,-58.589087,84.3266935
James Williams,42,226 Tyler Loaf,Ryanland,Colorado,37476,-134.113937,9.0580275
Victoria Padilla,47,216 Donald Village,Lake Mary,Pennsylvania,19338,-76.397693,-48.449961
Regina Hines,64,5435 Sanchez Mountains,Kellyhaven,Kansas,52978,-81.624864,-62.013698
Timothy Alvarez,78,045 Kelly Street,Rasmussenshire,Indiana,93851,14.021125,-67.0525605
Crystal Howard,20,5548 Archer Brook,Hoodberg,Alaska,52361,179.633066,-15.4641975
Amy Johnson,42,19957 Tyler Row Suite 847,New Dawnshire,California,27222,168.521667,-75.8096055
Logan Lynn,27,542 Tammy Courts,South Dianechester,New Jersey,85557,77.537717,44.349398
Patricia Mann,57,833 Yates Valleys Suite 605,Suttonhaven,New York,48909,49.837891,-63.656518
Charlene Burns,24,4798 Cabrera Pass,Rachelberg,Michigan,14658,-172.337378,-42.1071625
Keith Flores,74,864 Lutz Garden Apt. 556,Smithland,Delaware,95072,-82.294121,70.0372085
Justin Norton,49,95831 Christopher Springs Suite 817,Perryview,Indiana,28451,33.862866,21.009029
Steven Deleon,65,72284 Williams Junction Suite 514,Jasonshire,Utah,70567,-17.073996,69.179147
Amanda Shaw,76,57416 Garrison Mountains,Port Robert,Rhode Island,80967,-19.635657,-53.4461795
Kimberly Smith,26,1183 Michele Path Suite 865,Port Eduardoberg,Michigan,47203,27.871389,71.3935755
Amber Levy,30,24119 Kathy Stream Suite 432,Cliffordville,Missouri,03434,90.023001,29.613915
Denise Chung,26,1034 Stewart Groves,Rebeccaville,Arkansas,08784,-166.604379,-21.9271415
Timothy Gonzales,42,554 Jones Island Apt. 307,Elizabethchester,Colorado,82754,-172.694215,-88.839512
Andrew Williamson,51,87952 Hamilton Loaf,Port Courtneyton,Louisiana,76834,-10.889708,-40.9133595
John Kennedy,66,436 David Harbors,Ambermouth,Minnesota,01492,-162.862652,-64.1514425
Jamie Hardy,73,4576 Donna Common Suite 727,West Derekfort,South Dakota,43394,139.641824,47.530213
Jessica Scott,50,49345 Decker Lock,South Michael,South Carolina,49242,76.922446,48.3223495
Catherine Reed,29,2205 Michael Ridges,Port Megan,South Dakota,58865,16.305074,66.4635695
Christopher Smith,65,7240 Campbell Spurs Apt. 767,East Rebecca,North Carolina,63036,114.690356,-55.700825
Madison Rios,32,76354 Jones Ridge Apt. 789,Port David,Oregon,48806,102.492517,-83.9674835
James Prince,19,168 Kristin Divide,West Katelyn,California,25226,-90.203107,68.6331005
Katherine Bishop,36,890 Sara Lights,Goldenfurt,New Hampshire,33430,132.223016,-65.1012495
Charles Gross,65,8578 Smith Street Suite 469,Millerland,Maine,09408,-70.527446,0.506262
Terry Mahoney,70,028 Coleman Springs Apt. 656,Lisatown,Michigan,29943,-70.440890,-88.7863745
Andrew Davenport Jr.,19,747 Holly Plains Apt. 036,Port Holly,Washington,41690,-159.588905,87.439641
Joyce Taylor,23,71080 Isaiah Lodge Apt. 880,South Dalton,Texas,82437,-45.306300,-48.1546205
Carla Newton,60,213 Powell Valleys Suite 067,Gordonberg,Ohio,72696,-81.746461,88.395873
Virginia Vaughan,78,4561 Tate Ridges,Wrightton,Iowa,41299,10.130235,68.0232625
Sara Jenkins,63,56723 Johnson Fork Apt. 139,Longton,Iowa,61382,-142.144489,-83.529314
Jamie Hernandez,68,144 Frey View Apt. 893,South Kevin,Alaska,26293,49.292007,69.6262005
Kevin Fischer,58,195 Jones Island,South Brandon,Missouri,01262,-47.777542,-34.878004
Savannah Davis,34,59485 Jeremy Burg,Lake Michaelfort,Oklahoma,99422,30.366907,-3.3291925
Gary Gilmore,78,0679 Wesley Street Apt. 102,East Ronaldport,Louisiana,85107,164.746243,30.523774
Amanda Morgan,79,729 Cortez Harbors Suite 655,New Kelsey,Delaware,41064,99.766131,-58.902483
Cynthia Miller,18,835 Wilson Throughway,New Ronaldtown,Texas,21258,145.270443,29.649730
William Kelly,39,9845 Deborah Forks,Port Jennifer,Alabama,85110,116.299554,-52.464656
Yvonne Zavala,73,15020 Matthew Court Apt. 593,North Alexander,Missouri,28188,-115.782804,-27.0734375
Erica Jones,59,252 Timothy Springs Suite 531,Kathrynbury,Kansas,29455,47.978368,-19.456122
Ashley Crawford,58,402 Eric Trail,Patelborough,Kansas,53148,156.337803,-80.777413
Carlos Rodriguez,62,67196 Christopher Ramp Suite 141,Port Leah,Vermont,54758,14.612819,-55.881978
Brandon Smith,61,3456 Spears Villages Apt. 094,Williamsfort,Nebraska,87599,-54.598123,89.662946
Dalton Barker,36,4146 Wendy Dam,Kimbury,Nevada,25886,25.114676,-82.694188
Vanessa Holloway,34,7037 Benjamin Court Apt. 232,Greenberg,Utah,84558,-171.739184,-19.3115245
Sherry Myers,75,9873 Kathryn Ports Apt. 986,Goodfurt,New Mexico,20315,136.686423,-23.9241545
Timothy Wang,37,9636 Julia Shore Suite 509,Millerborough,Virginia,81191,-114.880864,-22.030972
Kristine Gomez,61,1858 Gay Mountain,North Dennisburgh,Pennsylvania,95355,10.115952,34.1793135
Dr. Sharon Davis DDS,51,5196 Michael Neck,New Richard,California,72196,-76.971618,7.1706175
Adam Bruce,33,11372 Pamela Corners Apt. 946,South Marcus,Louisiana,66721,-171.278503,61.179709
Mrs. Tonya Wise PhD,49,4904 Lee Roads,East Sarah,Pennsylvania,39520,17.557017,2.344584
Meredith Ray,29,410 Mclaughlin Locks Suite 698,East Tracyton,New Jersey,05035,43.967777,75.027410
Shane Cummings,23,4119 Smith Ridge,Racheltown,Nebraska,67677,40.254163,42.597329
Kenneth Perez,23,372 Pitts Bypass,Lake Larryside,Rhode Island,48116,82.746644,86.0656755
Gabriel Burns,41,428 Olson Ports Suite 483,West Timothy,South Dakota,84223,-118.812309,-76.313639
Sean Massey,73,7553 William Roads Apt. 281,Josephchester,Florida,76060,-74.823266,11.2075035
Linda James,55,99758 Tracy Square,Nathanville,Idaho,45986,53.923617,75.271682
Christine James,62,642 Travis Extension,West Rhonda,South Dakota,87599,72.206026,-82.947908
Catherine Mason,46,3353 Wilcox Port,Jasonshire,Tennessee,58566,-98.718440,-63.1817215
Debbie Adams,72,726 Brown Ford,North Eileenstad,Florida,55989,104.865722,69.4548405
Richard Brooks,43,27086 Gutierrez Prairie Suite 928,Natalieport,Maryland,96932,-96.649593,-55.1888955
Chad Cisneros,46,25898 Barry Passage Apt. 863,West Justin,California,98365,-48.477150,-87.343579
Todd Lamb,36,01082 Christopher Mills,East Timothystad,Wisconsin,35200,30.244800,-46.789345
Cassandra Juarez,53,3267 Price Trafficway Apt. 418,Rogerhaven,South Dakota,77982,-2.782458,38.033821
Courtney Bowman,21,44540 Ruth Crossing,Lake Ryan,Tennessee,04586,94.506992,-12.089847
Terri Fox,34,983 Morris Crossing,South Mason,Ohio,38996,120.022483,11.212815
Todd Hughes,36,56380 Alicia Pass,Lake Hannah,Washington,89101,-148.886320,-37.9369045
Michael Morris,55,992 Stacey Estates Apt. 264,Morrisonborough,Oklahoma,42486,109.834899,-70.8065005
Michelle Garcia,61,92906 Francis Mills Suite 433,Ashleyland,Maryland,32573,21.732447,-13.477893
April Velez,76,505 Mitchell Track,New Diane,West Virginia,10148,135.117582,67.1492365
Jamie Lopez,51,8447 Lori Common,Billview,Hawaii,63206,-171.684507,9.2275755
Sarah Butler,53,861 Ross Alley,South Dillon,Iowa,64298,22.498007,87.907080
Susan Rodriguez,44,44294 Sandra Squares Suite 594,Brownfurt,Idaho,57553,10.120487,-59.2402305
Robert Vasquez,29,80011 Sue Garden,Fergusonview,Illinois,58618,-87.568383,-0.785232
Zachary Carlson,73,3992 Rachel Meadows,Bonniestad,Mississippi,99291,-65.550543,-65.330284
Scott Jones,65,68270 Bishop Turnpike,Gilbertbury,Virginia,69727,84.265730,65.464720
Evelyn Huerta,42,812 Cross Pike,East Cheryltown,Nevada,88869,47.208757,33.006228
Renee Rhodes,57,242 Reynolds Union,Marymouth,New Hampshire,90684,135.442348,87.8175765
Fernando Alexander,28,508 Sims Ranch Apt. 131,Port Brandishire,Connecticut,50009,-7.970997,-29.8394675
Brian Meza,43,27021 Shane Flats,Wangfurt,Massachusetts,93146,48.596188,-6.3103495
Christina Haynes,62,7061 Jenkins Skyway Apt. 730,Catherinebury,Arizona,03808,-140.480856,-71.9059055
Anna Martinez MD,63,8623 Shaffer Unions,Port Sarafurt,Pennsylvania,26075,-136.161622,25.7948915
Terri Perez,69,10114 Patrick Hollow,New Darrenburgh,Michigan,05019,154.777443,-66.9678015
Garrett Williams,61,674 Autumn Hills Suite 723,South Donaldbury,Rhode Island,48152,43.475125,-46.752004
Stacy Hernandez,54,36522 Brown Drives Apt. 122,East Juliemouth,Utah,89457,-169.320567,17.4274055
Jessica Howard,47,2405 Dodson Divide Apt. 954,New Steven,Missouri,18154,-64.658007,56.2673215
Lisa Salas,72,676 Jackson Isle Apt. 159,Jasminebury,North Dakota,17971,19.777416,74.4340165
Michael Morris,38,658 Jimenez View Suite 940,Murrayton,Louisiana,32019,-65.210787,29.854611
Christopher Avila,47,1210 Marshall Vista Suite 048,Heatherchester,Florida,12796,-36.958002,41.905755
Stephanie Tucker,78,283 Andre Street Suite 853,Crystalfurt,Massachusetts,77980,-166.456344,-38.3726805
Jeffrey Reyes,19,9388 Paul Stream,Bradymouth,Iowa,08651,-129.586010,17.9159435
Michael Salazar,59,081 Watson Parkway Apt. 692,East Jason,North Dakota,28253,-41.664166,-67.9872745
Dorothy Gonzalez,32,531 Williams Village Apt. 855,Port Robert,Massachusetts,90955,102.591658,64.7828375
Alicia Curry,46,0164 Wiley Key,Bobbymouth,Tennessee,30930,34.891433,5.7073595
Emily Macdonald,30,05204 Willis Estates,West Melanieburgh,Massachusetts,21438,79.054200,-50.8392855
Ryan Barnett,39,50327 Kelly Fork,Port Thomasbury,North Dakota,27839,165.606793,36.2414915
Melissa Williamson,32,36397 Nelson Glen,West Emilymouth,Montana,93762,-5.093103,-81.7915475
Kevin Acosta,63,25555 Hood Mountains,New Brittany,Ohio,93199,96.420086,-39.670014
Sarah Warren,18,143 Mcdowell Via Apt. 827,Tiffanystad,Delaware,91220,9.075622,-29.6679945
Randy Knight,18,152 Stevens Ranch,North Nicole,Montana,07685,-167.312845,47.896236
Jessica Cabrera,73,02344 Michael Haven Suite 411,Port Christina,New York,74270,-65.836808,75.2643595
Robin Adams,43,07826 Shawn Lane Suite 603,West Jamesville,Georgia,82886,162.395128,-56.462107
Lisa Alvarez,61,3798 Diane Land,Port Andreabury,Ohio,85639,-143.461345,-50.8404565
Eric Berry,68,1694 Smith Islands,Lauratown,Pennsylvania,08239,-6.876478,-44.2072055
Sabrina Kennedy,28,4996 James Skyway,Port Stevenmouth,New Jersey,37706,-16.349411,59.1502585
Carl Hart,63,609 John Row Suite 909,East Derrickmouth,Arkansas,67575,140.792641,79.615327
Daniel Cox,50,8097 Christopher Mills Suite 118,Port Alexandra,Virginia,12181,-144.579091,24.814523
Michael Rodriguez,65,4122 Christopher Stravenue Suite 127,South Christianview,Arkansas,95150,-33.911565,-29.2803925
Christina Perez,25,538 Kyle Drives,Deleonburgh,Louisiana,21955,23.667145,-17.783095
Nathaniel Brown,19,031 Christina Curve Apt. 890,Howardview,Nebraska,17201,-145.859487,-39.719033
Jennifer Nichols,77,0036 Williams Plaza Apt. 383,New Lisa,Alaska,13407,5.698084,74.6928455
Patricia Sanchez,54,37371 Newton Ridge Apt. 836,Walterland,South Dakota,34008,-155.203299,28.4683245
Patrick Smith,74,264 Lindsey Isle,South Margaret,South Carolina,07954,-55.506475,80.4823605
Randy Smith,45,574 Lamb Haven,Port Jeffrey,Indiana,39733,-160.191725,-5.896590
Timothy Santiago,21,8641 Nicole Village Apt. 000,Chrismouth,Connecticut,20301,30.742038,8.2892105
Ryan Mercado,54,652 Obrien Fall Suite 009,Armstronghaven,Hawaii,38903,129.834389,52.563557
Nicholas Foster,25,71402 Brian River,Lake Victor,California,09167,-84.684903,25.4725365
Dustin Jackson,23,734 Thornton Bridge,South Nicholasborough,Montana,07269,-170.427840,31.418520
Joshua James,28,0027 Warren Radial Apt. 637,New Robert,Michigan,96735,-157.645996,72.3778815
Phillip Brown,34,91891 Weiss Estates Apt. 192,Laurenside,North Dakota,99556,134.123433,-44.1062715
Amanda Arnold,25,35600 Livingston Drives Apt. 800,Lake Matthewbury,Hawaii,57949,-104.400963,69.0995825
Mark Vargas,50,1796 West Glens Apt. 593,Port Sabrina,Delaware,03657,23.518385,-89.9220415
Matthew Price,80,572 Jennifer Via Suite 938,Smithport,Pennsylvania,16860,-66.008032,24.8389475
James Goodman,36,5049 Barnes Junctions Suite 354,Port Dawn,Massachusetts,88101,116.082928,50.5204435
Deborah Avila,20,58096 Campbell Village,South Amandaport,Nebraska,48801,65.106570,-36.440255
Phillip Davis,34,0466 Gilbert Dam,South Feliciaborough,Missouri,46520,58.776334,-21.405646
Daniel Gutierrez,49,27863 Albert Lodge,South Daniel,Indiana,96401,7.254717,-31.4290845
Kevin Alvarez,77,4800 Chavez Brook,Millerberg,New York,75637,-139.504441,-88.737298
Samantha Johnson,54,2832 Desiree Parkways Apt. 390,East Tiffanyview,Virginia,53001,30.908956,-3.5494005
Mr. Timothy Whitney,35,9873 Tate Club,Martinezville,New Mexico,72981,-42.299176,70.9687695
Andrew Martin,50,49524 Alice Brooks,Jesseside,Alaska,48300,31.154388,45.5950585
Pamela Baxter,63,73342 Annette Knolls Suite 461,West Janehaven,Missouri,99788,171.543407,-33.0509275
Lauren Henry,54,50567 Cole Valleys,Markton,Alaska,95923,168.150829,84.592334
Laurie Dillon,54,88005 Arroyo Bypass Apt. 873,Lake Gloriamouth,Minnesota,13624,-88.600363,19.898701
Amanda Lawrence,56,902 Miller Manors,North Franciscostad,Delaware,97538,-166.814243,27.312147
Alex Farrell,64,745 Sean Spur Apt. 492,North Richardton,Wisconsin,76047,-26.802071,-78.9294835
Todd Cain,44,77086 Green Prairie,Lake Linda,Connecticut,92596,-1.498489,42.9632395
Lisa Carroll,66,49516 Ashley Knoll Apt. 795,South Robertbury,Indiana,84166,-85.578833,42.7265305
Sarah Rosales,27,6705 Johnson Place Apt. 327,North Markborough,Pennsylvania,94688,-143.762228,-79.9888615
William Hoffman,31,7751 Sandoval Tunnel,Brownton,Kentucky,34752,51.597606,60.932542
Zachary Martinez,55,80307 Alvarez Port Suite 255,West John,Virginia,82502,11.123399,67.897586
Paige Williams,33,03741 Lindsey Path Apt. 652,West Aaron,Maine,64043,-106.764244,26.9266095
Theodore Rowe,37,3848 Johnson Spring Suite 648,Lake Stacytown,Louisiana,16662,-86.016878,-59.0263455
Heidi Stewart,22,59183 Sabrina Route,Wallaceshire,Utah,20309,105.561915,-30.7637455
Chloe Jordan,34,40469 Le Plaza Apt. 464,Harristown,Wyoming,58203,-47.715271,-53.0159325
Robert Frost,72,18036 Anita Streets,New Melissaville,Wisconsin,32383,-123.439649,55.512168
Elizabeth Graham,18,702 Maria Circles,East Gerald,Kentucky,96452,-21.142461,30.933625
Scott Wang,68,2997 Aaron Ridges Suite 214,Kevinmouth,California,70967,-162.014171,14.675305
Benjamin Tyler,67,857 Meredith Roads,Ramireztown,New Jersey,65038,100.010427,-81.9239985
John Myers,33,3878 Tommy Views,North Jamesville,Missouri,26907,-0.753926,81.070322
April Osborne,53,3446 Johnson Isle Apt. 168,West Alexander,Georgia,10126,67.881700,-10.0446265
Amanda Jackson,65,71359 Lopez Run,Tiffanyview,Utah,40012,154.822823,13.6652645
Michael Rodriguez,56,1429 Jimmy Crossroad Suite 122,West Stephanie,New Mexico,50830,155.643853,28.923276
Rebecca Robinson,45,593 Todd Common Suite 203,Timothystad,Arizona,85818,-172.370512,11.263026
Bradley Davis,36,825 Kimberly Point,Curryborough,Connecticut,66743,-147.601329,50.862829
Jasmine Estrada,38,440 Joseph Roads,Danielfort,Pennsylvania,10983,-149.489271,-41.3192385
Jesus Patterson,36,481 Thompson Tunnel Apt. 495,Samuelchester,Tennessee,40683,-50.396279,40.082941
Madeline Gardner,68,62861 Gray Spring,East Tiffanychester,South Dakota,78036,-105.646561,-40.0613955
Richard Johnson,20,8300 Johnston Turnpike,Andrewshire,Kansas,80028,-44.015592,-6.9868515
Tracey Brown,44,24076 Parker Keys,Lake Kennethville,Iowa,45610,-143.110685,14.868823
Danny Houston,53,408 Cameron Heights,South Davidport,Alaska,11862,-78.277600,20.4864435
Erin Perez,39,811 Teresa Meadow Apt. 452,Eatonmouth,Mississippi,70743,-179.480189,89.924943
Brianna Gonzalez,44,275 Laura Islands,Angelatown,Maine,69287,-42.830639,-36.5877925
Crystal Soto,22,795 Howard Estates Apt. 888,Lake Stacyhaven,New Hampshire,47195,50.349033,-22.490982
Gary Cook,25,416 Robin Rapids,Schmidthaven,Mississippi,23199,-110.762308,5.7791015
Robert Stevenson,40,9569 Garcia Mountain,Halltown,Idaho,70217,-173.580181,58.3604695
Bobby Baker,59,4176 Russell Roads,Edwardschester,Maryland,22501,49.561092,51.810337
Sarah Jordan,28,1705 Cynthia Hollow,Lake Kari,Michigan,09344,153.835204,80.820602
Lawrence Hill,43,01297 Casey Forge,Lindamouth,Minnesota,80433,-101.671884,-75.5692195
Joshua Blankenship,18,6891 Schneider Square,Valenzuelaview,New Hampshire,19363,-81.845914,14.878494
Alexander Russell,29,65032 Miller Center Apt. 044,East Justinchester,New Hampshire,44307,-133.696066,88.0230025
Darius Smith,74,16628 John Place Apt. 682,Austinland,Alabama,42425,-0.761818,67.2837375
Heather Peterson,48,941 David Field,New Derekville,Maryland,34775,-8.360188,34.227576
Emily Walker,38,02930 Goodwin Club,Abigailburgh,New Mexico,05871,103.346686,-29.469975
Kayla Benitez,34,075 Gutierrez Valleys,Lake Erikmouth,Virginia,46922,-160.354236,-34.4303295
Lisa Trevino,35,50781 Carter Drives,Brewermouth,Tennessee,16146,158.710446,87.385356
Peter Campos,50,005 Angela Knolls,West Daniellefort,Missouri,61036,-118.099418,-43.2482135
Erica Lopez,22,10198 Reyes Bypass Suite 473,West Toddtown,Louisiana,56765,21.722987,44.380899
Ashley Dominguez,47,31859 Richard Loop Apt. 312,West Gregoryfort,New York,62987,4.772220,-79.9057505
Kathleen Lopez,48,090 Jennifer Valleys Apt. 325,Nicholasland,South Dakota,25388,-28.353744,-69.924572
Margaret Medina,18,7843 Anderson Plaza,East James,Idaho,40465,149.149987,50.288834
Melanie Ray,67,257 Shane Street Apt. 477,New Dustintown,Washington,85447,-157.099218,-16.954741
Kelly Adams,57,23554 Joshua Villages Apt. 190,Rachelbury,Colorado,11301,-54.010394,28.298542
Ethan Garner,59,11408 Cook Spur,South Lisa,Wisconsin,88820,-47.374904,-9.6941285
Daniel Strickland,28,952 Adkins Causeway Apt. 618,North Willie,West Virginia,86657,167.476025,4.339847
Christopher Gonzalez,51,10656 Sandra Island,Bryanchester,New York,60185,110.065006,-18.5787205
Troy English,25,564 Moreno Hill Apt. 512,Moraleshaven,Missouri,16488,52.567365,17.2626665
Xavier Williams,27,4053 Amanda Ford Apt. 066,Duranfurt,New Jersey,52837,-155.742151,74.1452835
Jenny Curry,35,70839 Kirk Manor Suite 380,Port Jesseside,Texas,29906,172.732731,-9.1684805
Angela George,71,655 Aaron Mountains,East Jerry,Connecticut,28909,-99.643897,-17.7979515
James Lee,25,648 Olsen Bridge Apt. 866,Port Katie,Iowa,91751,-37.749343,30.316056
Jennifer Blake,80,25578 Tyler Ports Suite 827,New Elizabethmouth,Louisiana,52921,-167.998380,-78.818192
Scott Rodriguez,44,747 Samantha Ford,Morrisfort,Hawaii,27779,-100.356109,86.728092
Matthew Barry,24,49322 Hughes Ramp Apt. 384,Hillside,Florida,26483,-52.836286,14.192441
Christopher Vang,21,27983 Sarah Dam Suite 368,North Brookebury,Texas,35200,83.781825,-20.950960
Vanessa Bell,55,32197 Jeffrey Roads,West Brian,Alabama,60484,-17.750214,-30.808438
Melissa Hendricks,43,77710 Rachel Corner,Angelmouth,Rhode Island,21246,-32.862690,1.4994285
Erik Rowe,30,3144 Troy Grove,Jacobberg,Indiana,07800,140.553916,35.6671445
Danny Sosa,75,108 Natalie Extensions Suite 619,Waltersfurt,Minnesota,95568,15.063203,-27.168967
Mr. Richard Ramirez,66,6230 Hoover Canyon Suite 662,Lake Tammy,Iowa,34316,-36.085905,16.189769
Latoya Chavez,54,165 Alex Greens Apt. 732,Kimberlyside,New Hampshire,10306,79.430703,-61.836813
Melissa Smith,50,2420 Jason Stream Suite 043,West Beverly,Georgia,60962,-110.756817,11.2796655
Samantha Green,26,6949 Barry Mountain,Tateside,New Jersey,77450,125.622306,60.189179
Danielle Ortega,40,86734 Larry Prairie,Vanceport,Pennsylvania,04554,111.040993,86.5152535
Wesley Taylor,65,6896 Brenda Ranch Apt. 504,Matthewmouth,Nevada,35317,-169.056556,19.9296685
Benjamin Curtis,18,54552 Harris Loaf Suite 520,South Lisa,Kentucky,89400,69.729018,-30.0106425
Jeremy Gates,63,23116 Walls Forge,Swansonville,Alaska,52395,85.143507,-55.704441
Melissa King,35,36300 Erickson Summit Suite 533,Port Kathryn,West Virginia,32974,-112.899425,44.059338
Kaitlyn Erickson,49,686 Crosby Trace,Edwardsfurt,Colorado,46965,-169.890594,53.096371
Randy Mcmillan,54,973 Ryan Stravenue,East Steventon,Alaska,99887,-124.836716,10.921547
Rebecca Oliver,18,71765 Mccann Junctions,Nathantown,Kentucky,71388,176.719991,84.9814715
Patrick Delacruz,61,8222 Harrington Mews,Port Danielchester,Kansas,51397,-142.800735,-83.3807755
Luis Raymond,39,354 Brent Street Suite 544,South Janice,Alabama,48453,-170.018914,72.8096835
Nicholas Munoz,68,38057 Caitlin Lights,Stevenchester,Kansas,58809,63.957056,-88.834793
Daniel Marquez,59,19831 Carpenter Ridge Suite 477,Fischerbury,New Hampshire,91498,104.946201,42.4270005
Samantha Henderson,76,6808 Ray Fork,Houseborough,California,02328,-155.130092,43.3714505
Carol Jones,53,0461 Clark Flats,Monroestad,Arkansas,78927,161.248105,-9.347705
Alejandro Norris,18,9627 Bobby Isle Suite 104,Miguelchester,Illinois,04967,-174.210192,3.787180
Charles Smith,21,53952 Jennifer Summit Apt. 538,Flemington,Kentucky,08996,106.873815,-35.3424535
Daniel Thomas,67,001 Rasmussen Bypass Apt. 926,Toddburgh,South Dakota,60185,-51.624317,-14.4701065
Brian Harrell,69,17271 Derek Inlet,New Zacharyfort,Maine,15085,144.752051,-2.8586225
Cory Wu,69,60040 Stephanie Fords,Lake Karenport,Florida,03331,-122.926245,-12.9513955
Dr. John Adams,22,985 Michelle Bypass,Lewisbury,Delaware,47279,-87.549958,-56.9663325
Jeanne Fields,62,9662 Maria Circle Suite 841,Wilsonberg,Nebraska,79615,-141.012472,0.2845105
Michael Powell,33,49612 Jessica Center Apt. 120,New Katrinabury,Mississippi,27411,-40.458074,-72.845530
Stephanie Alvarez,65,843 Anderson Cove,South Ericaberg,Wyoming,64938,123.871844,-8.279364
Matthew Hall,33,8673 Salazar Street Suite 215,Markfurt,New Mexico,44733,41.137073,79.088527
Lawrence Goodwin,51,694 Debbie Corners Suite 542,East Francis,New Mexico,58209,42.064059,42.060310
Jonathan Kim,31,8510 Anthony Canyon Suite 190,Alvarezton,Tennessee,84828,64.482309,-43.8277175
Nicole Fletcher,21,19565 Rhonda Skyway,New Stephaniestad,Utah,48255,154.670430,-7.495519
Justin Price,79,2868 Kane Ways Suite 040,Philipside,West Virginia,86268,146.850839,21.407766
Alexander Villarreal,42,594 Elizabeth Village Apt. 011,Hawkinshaven,New Hampshire,10510,-127.070049,-86.505683
Susan Frazier,61,0394 Cherry Station Apt. 681,New Sarah,Tennessee,57099,25.315610,50.3399625
Christopher Martin,25,8400 Connie Expressway,Laneborough,Oregon,04970,-3.816075,49.7391495
James Barber,79,93506 Jerry Valleys,West Amandaville,Virginia,80003,161.713756,-32.647014
Danielle Nichols,70,987 Butler Drives Suite 393,Port Charles,Wyoming,55215,-13.659669,-42.9389175
John Smith,38,76135 Ryan Ridges Suite 402,Robertport,Iowa,52607,-103.903016,37.131908
Cynthia Morales,42,123 Kelly Plains Apt. 918,Susanfort,Texas,22789,-126.302526,60.6107165
David Hutchinson,79,325 Lee Curve,Williamland,Connecticut,60290,-54.692397,-73.139740
Karen Williams,68,5458 Ryan Place,Gonzalezborough,Montana,64562,-17.037440,-54.935816
Dr. Stephanie Hernandez,60,7483 Williams Brook Apt. 068,Lake Pamelaberg,Idaho,01967,173.484796,54.8701695
Carla Perez,66,31818 Drake Street,Williamborough,Minnesota,84715,-154.321097,-68.6341105
Eric Horton,56,445 Wagner Mountain,Brownland,Illinois,34359,-149.640276,79.847631
Bryan Aguilar,52,232 Sandra Fort,Hurleyton,Texas,60006,-63.947181,-5.5490065
Randall Morris,20,862 Dawson Common Apt. 217,East Michelle,Maine,30280,16.507559,-15.4713685
Teresa Flynn,48,4726 Turner Pine,Port Lance,Kentucky,36623,-120.705824,77.6087495
Keith Cole,28,296 Harper Overpass,Rodriguezton,Nevada,02335,-23.207640,-85.365327
Christina Avery,61,5958 Mcgrath Shoals,West Allisonside,Kentucky,09024,150.288736,41.038854
Katrina Wilson MD,47,24742 Calvin Corners,Courtneyburgh,New Hampshire,70814,143.765279,77.563615
Amanda Gray,35,2111 Tara Hills Apt. 228,North Davidchester,Maine,56943,162.924049,32.973820
Madison Garcia,62,715 Jamie Bridge,New Arthur,Montana,05479,112.151662,-15.397887
Thomas Smith,67,9577 Nicole Court,Mayshire,New Jersey,34862,45.300108,88.063284
Joshua Miller,80,53876 Johnson Vista,North Jamesland,South Dakota,63414,156.540947,-19.9183865
Willie Hernandez,70,1159 Saunders Loaf Apt. 351,Janiceburgh,Oklahoma,39320,-157.990098,-8.7559995
James Erickson,49,4614 Leon Green Suite 266,Patriciaside,Maryland,27566,-37.254090,66.929002
Patricia White,70,7289 Sanders Spur Apt. 848,West Heatherburgh,Arizona,28609,-96.196751,41.054834
Juan Gordon,79,383 Elizabeth Pines Suite 331,New Michelleland,Minnesota,17938,-44.092384,1.500492
Angel Foley,18,634 Amanda Highway,North Georgeport,Michigan,39593,18.657156,2.3475415
Ann Woodard,80,9188 Lee Pines,Sandovalshire,Montana,82648,-43.974059,70.693170
Ronald Huff,72,112 Debbie Circle,West Paigeton,Delaware,92187,-79.011119,41.9410765
Thomas Singleton,49,13970 Jackson Neck,Paynetown,South Carolina,88632,100.221183,-84.243541
Natalie Castillo MD,39,4719 Pamela Orchard,West Victoria,Kansas,18695,163.450071,-24.025757
Steven Parker,39,9536 Heather Terrace,South Charles,Washington,38248,-150.204096,-0.9197845
Kelsey Harris,37,733 Norton Spurs,South Stephanieside,Delaware,12902,15.369599,53.2195345
John Gonzales,79,83790 Anne Light,Yatesfort,Colorado,94528,-86.183114,10.950324
Kathy Rosales,24,726 Dwayne Tunnel,Nataliemouth,Colorado,05223,-26.274993,81.167846
Kevin Archer,75,4742 Crystal Mission,Jessicaside,Rhode Island,72894,-137.558515,60.887494
Emily Buck,62,5180 John Rapids,Reynoldsborough,Minnesota,22746,8.730358,-60.7001805
Joseph Pace,57,4964 Salinas Trail,Port David,Oregon,91900,-114.700488,83.283570
David Swanson,71,72343 Adrian Land Apt. 155,Aguirreshire,Hawaii,38751,-17.115212,-41.645685
Katrina Hawkins,19,8996 Owens Well Suite 135,New Edwinbury,Virginia,07314,-9.095348,8.0123325
Erin Harris,40,06740 Green Causeway Suite 156,East Justin,Arkansas,98847,0.353449,23.233173
Abigail Wilkerson,78,3665 Arroyo Forges,South Jacquelinehaven,New Hampshire,88754,143.746997,58.287682
James Flores,78,57160 Monroe Villages Suite 224,Ayerston,Nevada,86310,-118.709997,3.7996495
Taylor Hebert,65,0719 Williams Harbors Apt. 606,Lake Robertburgh,Maryland,78213,169.993657,56.8703705
Patricia Parker,46,71671 Shannon Lodge Suite 251,North Deborah,New Jersey,37035,-165.377474,42.284882
Allison Bradshaw,24,636 Chambers Extensions Apt. 659,Blacktown,Vermont,85720,34.861074,31.6723855
Kevin Herrera,74,2451 Davis Glen,South Joe,Delaware,73091,-73.246680,15.179319
Alyssa Rocha,67,004 Travis Hills Apt. 066,Samuelborough,Indiana,10439,158.666328,-70.901012
Erin Dawson,49,5133 Gary Junction Apt. 558,Lesterside,Michigan,47383,-62.427196,-89.9761305
Haley Klein,72,8624 White Mountain,Amandafurt,Oregon,39222,74.064785,77.676014
Eddie Smith,73,16616 Williams Grove,Lake Jamiemouth,New York,96815,12.782076,-14.8681495
Jenna Ross,59,15613 Christopher Estate,Hernandezport,Colorado,01803,-66.971117,-32.045177
Alexis Ochoa,64,5328 Gonzalez Flat Suite 727,New Barbara,Nevada,82384,16.898499,-41.817472
Christopher Grant,62,583 Robert Canyon Apt. 126,South Ronaldchester,New Mexico,08307,19.479111,-73.642906
Wendy Black,70,53148 Davis Village,New Molly,Missouri,72874,-116.028392,-32.9805515
Edward Pena,50,24281 Mendez Springs Apt. 263,Teresaport,Hawaii,59468,138.981149,-5.571309
Alexis Peterson,21,484 Crystal Burgs,Brandihaven,South Dakota,57326,70.731859,73.943978
Richard Williams Jr.,24,3853 Diane Extensions Apt. 827,Andreaborough,Colorado,23152,-104.603122,46.0039285
Renee Walker,45,685 Martin Pine,Toddfort,Maryland,45102,59.764597,-28.7967505
Vanessa Gonzalez,69,4914 Jason Motorway Apt. 716,New Shawn,West Virginia,98403,64.179864,41.236883
Mark Velasquez,22,073 Scott Plain,Micheleton,Hawaii,77134,41.304617,13.883035
Gabrielle Bush,54,21012 Allen Center Apt. 562,Susanside,Virginia,46733,-138.345843,18.4622895
Thomas Conrad,60,9426 Deanna Plaza Apt. 951,Port Laurie,Pennsylvania,41725,176.577691,-58.711433
Chelsea Moon DDS,29,671 Timothy Burg,New Jessica,New Mexico,36087,-34.966845,76.8956935
Jason Villa,48,13418 Andrea Plaza Apt. 288,Brownfurt,New Jersey,87574,-151.662905,39.910725
Melanie Maldonado,39,7406 Underwood Village,East Jamiechester,New Jersey,65893,-154.305835,-22.696541
Meagan Parker,56,0905 Karla Isle Suite 262,South Nicoletown,Kentucky,17564,129.486419,-38.8274615
Richard Nelson,27,29146 Brown Corner Apt. 934,South Chrisfurt,Indiana,64761,17.280733,31.1056985
Luis Pace,76,9278 Brown Alley,South Tammy,Oklahoma,95611,-114.147510,50.171790
Kevin Velasquez,52,933 Cynthia Mountains Apt. 246,Potterport,Wisconsin,57106,-64.621355,81.110443
Rita Watkins,71,7216 Jeffrey Cove,West Robertmouth,Kentucky,72100,154.817467,-22.3744875
Erin Dominguez,57,05577 Stanley Passage Suite 902,Larrybury,Maryland,71488,167.298512,-39.062698
Casey Johnson,22,782 Walter Ways,New Stephanie,Montana,20184,-128.139263,34.423620
Jimmy Holloway,25,67151 Anthony Locks,Dennistown,Missouri,93526,-95.620412,-7.766934
Mrs. Jennifer Flores,18,2024 Sharon Causeway Apt. 150,Lake Roy,Wisconsin,18038,-78.130813,70.713670
Melissa Johnson,35,45951 Lori Mountains,Victoriaview,Oklahoma,60527,174.460969,75.977031
Thomas Peters,77,8244 Frank Roads,Taraberg,Massachusetts,36064,71.798603,82.1700885
Kevin Webb,70,56118 Amanda Causeway Apt. 443,Kennedyfurt,Georgia,28090,-36.369596,-14.2937065
Deborah Norris,71,2608 Rodriguez Spring Apt. 657,Danielshire,Idaho,99756,-127.669492,-47.8925585
Anna Miller,50,917 Kaufman Highway Apt. 538,Nicolefort,Montana,94409,-4.964205,-4.110610
Juan Wilson,55,899 Griffin Rue Suite 825,Lake Courtneyfurt,Ohio,99881,-157.010446,-79.709879
Antonio Mcmahon,71,797 Brittany Trafficway,Hickmanchester,West Virginia,04782,-109.690702,-9.311078
Kenneth Johnson,48,613 Williams Loaf Apt. 264,West Lauraview,Nevada,93801,-82.392817,-69.508679
Abigail Dixon,28,40437 Brown Lodge,North Jerryland,Texas,28243,111.909207,-41.8324045
Ryan Velazquez,37,73246 Wilkinson Canyon Suite 388,Port Samantha,Delaware,47397,-106.675818,82.6684825
Robert Baker,36,23700 Lopez Parkway Suite 716,Port Shannon,New York,52195,32.548984,6.8581775
Alyssa Watkins,41,84956 Jordan Hill,Lindafort,North Dakota,67273,13.204246,-77.8538865
Christopher Davis,22,852 Daniels Centers Apt. 000,Gibsonshire,Minnesota,10804,-48.739151,52.0570725
Andrea Wallace,71,780 Tracey Plaza Suite 350,North Frank,Idaho,84376,35.275501,33.0991185
Marissa Kelly,75,3866 Cortez Shoals Apt. 941,West Paula,Maine,35792,178.426016,35.9990425
Steve Huffman,79,1827 Dunn Dale Apt. 672,North Andrewland,Vermont,37008,70.404920,-59.6046205
Nicholas Morris,36,464 Eric Fort,Lamburgh,Idaho,45360,51.389367,37.671702
Dr. Janet Page,36,09489 Christopher Via,Erikberg,Arizona,52389,-71.353455,87.5520545
Jordan Morris IV,34,7583 Jones Overpass Suite 203,Williamsside,Virginia,76024,79.758905,81.1781985
Nancy Miller,20,411 Tracy Inlet Apt. 802,West John,Idaho,51158,-98.904325,-32.833011
Vanessa Brown,30,457 Dawn Ford Apt. 924,North Aaronport,North Dakota,36898,-10.508811,-12.4103835
Tracey Banks,73,31686 King Street,Lydiastad,Pennsylvania,09728,-113.396967,37.4250195
Melanie Richardson,69,04518 Cheryl Fork,New Cynthiachester,North Carolina,61956,-80.988536,48.0137145
Joseph Arnold,60,615 Brandy Views Apt. 407,East Maria,Arkansas,81967,-91.673617,-72.6738055
Sheila Doyle,79,0466 Abigail Tunnel,Joymouth,New York,07385,-160.300091,-77.4937775
Paul Rice,40,65273 Fuller Radial,New Jonathan,Maryland,81581,44.304110,-45.914137
Erin Blair,35,4108 Michelle Divide,Lake Allenborough,Kansas,84005,-29.845423,-10.567366
Tina Bartlett,18,27387 Mann Summit Apt. 685,Jenniferview,California,05989,-154.573633,76.545776
Peter Marquez,43,702 Thompson Locks Suite 953,South Christina,Florida,11509,-72.104005,-9.470860
Pam Waller,21,8137 Sloan Isle,South Justin,Georgia,99807,168.276842,-31.0753545
Jenny Wilson,24,73626 Danielle Throughway Suite 652,Karenland,Rhode Island,39717,-127.702240,23.425790
Jay Cook MD,34,957 Brown Ville,Johnton,Oregon,65245,-150.926306,46.382986
Michelle Meadows,63,3558 Todd Radial Apt. 583,Lake Christopher,Tennessee,04632,-3.997748,71.350570
Sharon Torres MD,41,558 Hernandez Viaduct Apt. 869,Heatherfurt,Vermont,13134,-38.795283,60.3578165
Scott Carter,65,02820 Tara Orchard Suite 569,New Thomashaven,Minnesota,84961,100.487555,58.291179
Yvonne Johnson,74,988 Thomas Rapid,Bakerbury,New Mexico,38396,136.678492,17.992878
Joshua Johnson,74,097 Larson Corner,Harrisport,Vermont,99544,-0.202229,-61.9463535
Jimmy Hamilton,60,734 Stevens Views,Sarahburgh,Wyoming,51275,-88.219927,14.8404995
Christopher Taylor,58,9430 Powell Manor Apt. 591,Johnsonville,South Dakota,70302,153.605114,-69.5762115
Charles Ramirez,36,055 Daniels Manor,North Robert,Arizona,57557,-95.126601,75.7125055
Margaret Bird,42,668 Drake Roads,West Nicoleport,North Carolina,35354,171.594032,32.3464215
Sharon Obrien,74,955 Kathryn Wall,New Samantha,Massachusetts,92102,-30.896703,-41.486003
Samuel Hawkins,58,738 Williams Road,South Blakefort,Georgia,09490,-26.431305,88.036220
Mathew Underwood,30,6660 Robert Rapids Suite 758,Hallburgh,Washington,02612,-94.587034,33.269057
Brandon Turner,31,04103 Bailey Springs Apt. 504,Port Timothyburgh,Oregon,34135,167.304268,3.0713005
Penny Mckinney,53,4717 Michael Island Suite 040,Michaelhaven,Colorado,01886,121.923371,19.815290
Janice Roy,39,21468 Jennifer Fields Apt. 682,Brandonshire,Missouri,90648,63.619448,48.362221
Erik Bennett,64,9954 Smith Junctions,Rosemouth,Florida,08809,-69.113365,-16.813825
Joshua Moore,79,107 Luis Mountain,Nicoleport,Wyoming,23298,41.428318,-21.665711
James Morton,78,945 Johnson Alley Apt. 198,Port Kaitlynchester,Pennsylvania,94466,129.301998,76.0022425
Richard Walters,33,49751 Weaver Tunnel,Brendaside,Kentucky,68329,7.979583,-15.8699365
Jacqueline Fuentes,30,43656 Green Fall Apt. 374,Montoyashire,Florida,57196,60.031427,34.889504
Paul Robbins,71,06055 Mayer Forges,East Bradton,West Virginia,39823,132.553562,-34.2737075
Emily Reynolds,37,2102 Sarah Throughway,Carterland,Connecticut,44500,63.295473,31.001688
Kathleen Garcia,22,01878 Scott Wall,South Martha,Michigan,12385,107.205462,-40.5514795
Alicia Walton,57,72428 Hernandez Brook Apt. 574,Lake Sean,Wisconsin,41011,-150.192376,75.7493515
Leonard Smith,19,345 Victoria Radial Suite 382,East Lisaburgh,Oregon,32276,13.201351,83.6235015
Margaret Smith,21,09743 Amber Via Apt. 632,Jessicabury,West Virginia,64899,-120.453216,20.4833455
Jake Acevedo,23,20530 Conley Mill,North Daniel,Connecticut,96799,-59.023629,-28.187621
Charles Jones,47,23909 Kathleen Lodge,Ramirezville,Wisconsin,26960,-166.596546,-80.900830
Andrew Clements,74,226 Paula Cliffs Suite 538,New Norman,Delaware,47122,-25.366954,-57.339193
Aaron Stout,48,28319 Gonzalez Gateway,Moyerfort,Connecticut,06236,-65.483261,-28.6242255
April Espinoza,71,21325 Nguyen Mount,South Allison,Tennessee,51701,136.681545,-26.4870525
Ashley Cooper,24,65267 White Vista Suite 875,Karaburgh,Illinois,93281,170.916812,63.5156105
Neil Mcfarland,24,440 Ramos Rest Suite 856,Leonardport,South Carolina,73494,-12.184887,-53.4108335
Cynthia Lopez,23,849 Diaz Avenue,Samuelmouth,North Dakota,31613,-105.278287,-69.6257985
Heather Long,57,4584 Cynthia Mountains,North Zachary,Maryland,27793,48.692472,-78.6565115
Laura Perez,32,9543 Johnson Club Apt. 290,Allenhaven,Alaska,16715,165.189940,83.5179345
Robert Villegas,29,285 Dennis Court,Robersonland,Idaho,20574,40.223044,-83.9921965
James Holland,75,0518 Brown Gateway,Hamiltonborough,Massachusetts,44467,-165.958698,64.1128825
Susan Coffey,55,45002 Wright Prairie Suite 317,Lake Jacob,Alabama,02418,-157.913221,68.372556
Tracy Rodriguez,68,62353 Clark Keys Suite 009,West Brandon,Wisconsin,36356,66.215171,-38.585574
Antonio Phillips,44,85716 Coleman Locks Apt. 839,Powersmouth,Utah,64554,-174.849463,73.326414
Madison Robinson,73,1366 Norman Station Apt. 507,Lambertbury,Arkansas,20002,134.288631,-24.289796
Audrey Rose,41,394 Fletcher Path,Meganport,Utah,34954,144.881716,40.150066
James Ramirez,51,0694 Morales Pike,Jessicaburgh,Michigan,36202,171.568374,-36.474466
William Nichols,32,77772 John Estate Apt. 936,East Victoriaberg,Montana,60582,142.213067,78.463614
Zachary Brady,64,64654 Crystal Dale,Clarkton,Montana,74636,-130.351013,59.4678335
Stephen Johnson,29,9786 Michael Wells Apt. 112,Brownfurt,Kansas,91169,-122.678342,-80.4238775
Julia Levine,75,9535 Kathleen Port,Evansshire,West Virginia,12940,153.537756,-25.4750835
Eileen Reid,69,52862 Stanton Lodge,South Davidchester,Hawaii,13193,88.730279,-49.0197455
Mr. Adam Elliott,31,348 Bailey Gateway Apt. 245,Gonzalezchester,Nevada,75757,108.193276,83.0689395
Eric Blevins,33,3811 Luke Locks Suite 052,Savageburgh,Wyoming,96953,-38.328983,-12.6493745
David Davidson,52,0472 Nathaniel Port,East Julian,Rhode Island,51573,-16.291548,11.930508
Sarah Wilkerson,30,90386 Campbell Island,Gregoryview,Maryland,81154,53.363743,-67.931941
Joseph Villanueva,52,276 Steven Shoals Apt. 775,West Desiree,Kansas,83409,16.175153,-76.951245
Raymond Perez,54,743 Joshua Ford,Garciaborough,Wisconsin,52693,-131.237700,6.958570
Kyle Martinez,40,8078 Grant Ranch,Desireetown,Maryland,66366,139.370167,-31.307351
Barbara Simmons,80,674 Gabriela Cove Apt. 833,Jacobstad,Oklahoma,13971,-167.091044,30.222917
Amber Terry,19,05741 Kelly Ridge,Monroeshire,Hawaii,01554,-102.915213,41.6967735
Adam Harris,55,341 Amanda Camp,New Jaredport,Maryland,91187,-158.299201,-26.5934345
Dawn Cowan,25,019 Marquez Corners Suite 601,Arthurberg,Alaska,03867,-22.923066,7.205316
Dillon Tran,68,32815 Francisco Rue,New Jessica,Idaho,06892,147.938745,-37.406141
Jennifer Gonzalez,50,51614 Regina Fork Suite 248,Jessicaport,West Virginia,11432,-21.827488,2.009343
Makayla Powell,61,5850 Mary Plain Suite 594,Port Christopher,New Mexico,28628,29.041100,-47.997052
Natasha Blake,47,210 Burgess Springs Suite 493,Perezhaven,California,17642,-97.974906,-84.633645
Emily Duarte,38,69730 Williams Landing,West Pamelaview,Idaho,34760,7.829908,46.3252745
Tommy Davis,45,43399 Sharon Center Apt. 996,North Devin,Nebraska,11148,-104.368800,21.7071285
Corey Jenkins,54,3184 Casey Isle,East Rebeccamouth,Oregon,13580,2.198563,85.423045
Javier Warren,70,248 Andrew Rapid,Port Donnaburgh,South Carolina,60078,-21.129556,-15.4874255
Michael Mckee,60,778 Mark Estate,Williammouth,New Mexico,33749,-46.784348,39.1674365
Christina Gallagher,48,215 Michael Rapid,North Kennethchester,Indiana,07084,-151.801781,-12.830825
Charles Abbott,60,6297 Garcia Motorway Suite 618,East Alicia,Missouri,58095,138.286999,-9.230034
Melissa Calderon,48,536 Alexis Field Apt. 134,New Debra,Rhode Island,06490,178.325216,24.3768265
Robyn Bowen DVM,21,14204 Cindy Parkway Apt. 271,South Richard,California,18570,-41.629762,-68.481205
Jamie Wilkinson,71,595 Joe Valleys Suite 631,Carolton,Maryland,23426,-121.107477,-9.852684
Mary Williams,18,0208 Russo Pine,Katieside,West Virginia,79096,60.346814,-79.357458
Dr. Brooke Holt,39,34733 Moyer Parks Suite 053,Stephaniefurt,Maine,90484,-35.736251,7.6446215
Frank Hicks,49,8545 Potter Freeway Apt. 498,South Timothy,Florida,54906,143.538329,10.782120
Samantha George,32,3355 Charles Hill Suite 728,South Brianchester,Colorado,32935,-75.782598,-25.3908545
Bianca Martinez,52,563 Michael Forge Suite 606,East Ritaborough,Delaware,86712,-64.391780,-11.3255655
Carl Brown,24,8026 Stephen Neck Apt. 483,North Daniel,Kansas,66495,162.821362,51.722794
Gwendolyn Mccarthy,51,88057 Gregory Spring Suite 505,Lake Margaret,Delaware,84436,-34.743431,-30.1508725
Bobby White,34,243 Kevin Creek Apt. 146,Garrettshire,Colorado,30941,-6.868003,-61.4469365
April Foley,67,64258 Evans Valleys,Lake Michelleport,Montana,22771,-40.219804,9.624610
Barbara Guzman,53,220 Barnett Island Apt. 840,Port Katrinamouth,Nevada,24266,-151.222199,70.9074845
Arthur Boyer,56,03237 Courtney Crescent,Kelseyberg,New Hampshire,86467,169.132245,-29.7346565
David Miller,44,85319 James Tunnel,West Erikastad,North Carolina,61211,-30.276899,-26.032869
Michelle Jordan,19,330 Hopkins Pike,Lake Timothystad,Missouri,59460,-37.037777,47.3100555
Mary Taylor,32,32677 Thomas Well,Brayland,Arkansas,61673,159.420546,18.3320355
Leonard Miller,79,6356 Wright Fork,Martinezmouth,Wyoming,14885,-164.373355,-16.505591
Ashley Peterson,80,62818 Norma Passage Apt. 472,South Alyssa,Oklahoma,76777,-22.289826,10.0240765
James Carpenter,72,499 Jackson Meadow,New James,North Dakota,86933,-144.559207,32.534424
Dennis Coleman,56,059 Greer Trafficway Suite 152,Hubertown,Utah,44844,-143.061819,-52.3206205
Christopher Bright,62,21495 Taylor Estate,Mooreview,North Carolina,60518,-53.485352,-22.640821
Bill Todd,43,867 Wilson Hills,South Courtney,Ohio,68274,19.428198,-81.341127
Jeffrey Valdez,39,5693 Rebecca Ways,Brendastad,Illinois,94079,134.204208,21.631329
Tiffany Glass,44,23134 Taylor Roads,North Lisa,Idaho,49283,85.261537,35.7693525
Matthew Avila,70,8016 Williams Forges Suite 675,New Nicolemouth,New Mexico,86633,-39.301576,76.7272665
Nicole Pugh,55,9206 Long Plains,West Jeffrey,Wisconsin,43882,140.053796,-64.5624415
Michael Mcdonald,55,70912 Campbell Tunnel Apt. 666,Cassandraborough,Georgia,87752,63.272264,82.4309125
Charles Allen,71,76246 Christopher Mill Apt. 367,Heathershire,Kansas,13088,-27.492148,-42.1933465
Michael Garcia,37,14269 Kristen Ways,West Melissa,Texas,58006,17.011139,-83.420433
Michelle Suarez,24,630 Jennings Freeway Suite 766,West John,Kentucky,27526,30.094186,44.7698235
Kyle Lloyd,54,280 Kristen Pine,Tabithachester,Tennessee,48691,106.613126,-17.107262
Rachel Miller,31,615 Kenneth Plains,Martinmouth,West Virginia,55444,-169.160882,31.5738085
Ronald Olson,25,535 Fletcher Glens,Kiddview,Maine,77395,-88.723839,68.0022965
Michelle Bush,46,622 Stephanie Forks,Jacksonside,Pennsylvania,01283,149.943963,-74.742708
Brooke Silva,54,11624 Krause Fords,Brownton,Alabama,82505,-54.612029,-75.878038
Joseph Burton,55,4994 Valerie Court Suite 574,East Carolynfurt,Tennessee,13523,42.218633,7.151224
Andrew Sawyer,41,74419 Ronald Path Apt. 907,Port Stephanie,Tennessee,98380,178.894831,60.865294
Oscar Sheppard,22,5244 Charles Prairie Suite 390,Hansenbury,Texas,85738,7.124411,-53.216796
Carrie Smith,60,4190 Thompson Coves Apt. 792,Courtneymouth,Delaware,54690,-94.141456,56.6146975
Alice Nolan,26,8933 Sharon Unions Apt. 605,East Jennifertown,Washington,73418,-33.076703,-56.386555
Brian Berry,32,62484 Julie Vista Suite 251,West Derek,West Virginia,76565,-35.080470,-11.167102
Paul Curtis,20,972 Jones Summit Suite 155,Port Michelle,New Hampshire,39555,-65.290755,8.9296335
Jennifer Arnold,72,38435 Graham Squares Apt. 961,Hardyfurt,Oregon,81934,0.802108,36.4464935
Alyssa Bruce,45,905 Fletcher Causeway,Floresburgh,Minnesota,11916,18.709949,-13.604822
Margaret Ball,39,9336 Thomas Point Suite 910,Lake Christopherbury,Arkansas,69306,98.664213,78.1594455
Jennifer Turner,66,31204 Craig Meadow,South Juan,Iowa,71334,48.427360,-22.9450195
Joseph Walker,71,3536 Laura Ridge,Wintersstad,Connecticut,50259,69.881014,-64.4896075
Frances Young,37,0032 Matthew Squares Apt. 030,North Anitashire,North Carolina,19638,-3.166334,88.8318155
Kristen Hughes,46,507 Dean Causeway Suite 232,East Jerryton,Connecticut,98099,134.755661,-71.5827795
Crystal Odom,55,3828 Melanie Terrace Apt. 119,Lake Chloeberg,Pennsylvania,67351,30.045965,-41.5571765
Ariel Pruitt,40,4287 Allen Trace Apt. 478,East Kristenborough,Connecticut,70606,-50.687572,-35.626695
Melissa Landry MD,48,349 Eric Unions,Jonathanburgh,Florida,03898,-132.045925,-61.842238
Margaret Hutchinson,57,62390 Robinson Parks Suite 734,Port Nicole,Idaho,03714,150.511202,-81.7618415
Deborah Walsh,19,5354 Brian Center Suite 593,North Theresa,Arizona,86090,40.420229,3.3054535
Raymond Brown,67,813 Hernandez Bridge Suite 160,Alexanderberg,Kentucky,43976,-118.698634,-7.7554435
Leslie Stone,51,1702 Kimberly Trafficway Suite 445,Jacobville,Mississippi,91824,51.024267,-38.3175095
Anthony King,23,438 Hurst Mills,East Samanthatown,Vermont,47705,102.326176,-15.9322435
Melissa Shepherd,68,51798 Short Ferry,Bishopshire,Texas,10239,-176.997282,1.0944645
Dana Price,27,06048 Thomas Common,Robertland,Missouri,07533,-11.833997,-89.393527
Nicholas Schneider,77,5335 Miller Drives,South Rebecca,Hawaii,69222,-14.463138,42.389342
David Lewis,73,1858 Chris Plaza,Briannaview,Illinois,69169,94.459412,57.9872925
Michele King,55,6130 Robinson Walks,East Angelside,Alaska,95877,19.171323,-80.145429
Justin Brown,80,80428 Jimmy Crescent Apt. 708,New Allisonburgh,Virginia,90229,166.844101,-88.843780
Christopher Bell,28,74635 Russell Mountain Suite 564,Brandistad,Virginia,79459,-175.024395,-79.2910715
Kyle Lewis,64,45207 Shelby Drive,Port Jose,Delaware,45786,-14.787017,-88.218212
Joseph Buchanan,59,0029 Timothy Point,Port Veronica,California,35826,-146.207275,19.822388
Kathleen Adams,71,33491 Aimee Center,Simmonsmouth,Alaska,64178,-130.749375,-80.5129065
Jerry Horn,80,9489 Martinez Camp Apt. 264,Port Lisaview,Massachusetts,82128,8.841776,-6.0644495
Peggy Weeks,56,9555 Bennett Flat Suite 294,East Matthew,Washington,10831,143.063668,65.587695
Stephanie Palmer,27,0098 Smith Centers Apt. 747,Timothytown,Ohio,88746,165.186016,36.451966
Lance Davis,80,1304 Julia Plaza Apt. 162,Evansbury,North Dakota,04805,-18.105251,-55.744701
Michelle Bell,70,92502 Keith Shore,Angelaville,Connecticut,98893,179.236254,-57.8187925
Ashley Patton,73,891 Moon Estate Apt. 207,Stevensonbury,Alaska,45427,173.497087,68.254391
Rachel Park,41,46282 Duncan Brooks Suite 518,Alexisville,Washington,05765,82.103915,4.715437
Cindy Mack,63,0728 William Plains,Jonathanshire,Kansas,31826,56.699079,43.744020
Kathleen Blanchard,41,7591 Daniel Overpass,North Julie,Indiana,65890,-5.409556,28.586989
Wesley Harris,62,95693 Bell Villages,South Josephton,Ohio,92298,-50.479381,-27.734240
Diana Morales,65,07179 Kristen Loop,New Anneview,Michigan,84677,43.989325,-57.504104
Robert Martinez,59,09528 Medina Isle Suite 332,Port Elizabeth,Oregon,88420,178.745267,80.7880145
Sandra Williams,64,6924 Whitaker Causeway,Josefort,Wisconsin,11218,117.665607,-38.8520515
Mr. Matthew Barton,43,444 White Forge,West Mitchell,Florida,97262,-84.652417,30.774158
Steven Hahn,72,68544 David Bridge,Lake Dominic,Tennessee,92670,-55.283485,13.3779565
Bryan Sullivan MD,74,00481 Rush Shores Suite 561,Coffeyville,Oklahoma,02050,149.453573,-2.8282655
Paula Brooks,36,22990 Santos Bridge,North Marissa,Kansas,09076,-27.754944,-40.7941815
Sally Torres,46,96035 Allen Court,Lake Wendy,Alaska,98120,-134.356712,12.476274
Jennifer Austin,57,43876 Wilson Glen,Port Jeanette,Massachusetts,95695,2.132623,21.1324945
Jeffrey Gomez,66,7168 Davis Fall Suite 752,Figueroafort,Virginia,84955,-112.897880,-42.017010
Mr. Andrew Bush II,47,396 Osborn Bypass Apt. 561,Port Michelle,Illinois,72735,50.354846,7.1499085
Jamie Gutierrez,80,07102 Bryan Run Suite 827,West Mistybury,Vermont,18549,-35.565846,16.415664
Edward Clark,46,6142 Gibson Trafficway Apt. 986,East Amberfort,New York,97537,-120.370918,74.914931
Jessica Burton,26,660 Leah Trace Apt. 196,East Gregoryland,Nevada,51442,-20.780461,10.679733
James White,28,197 Jeremiah Mall Apt. 436,Clarkburgh,Kansas,00600,-17.915917,-39.8135185
James Ortiz,59,8066 Erik Drive Apt. 816,Abbottchester,Arizona,33308,-172.904203,24.2539575
Jacob Mcmahon,80,58105 Gerald Circle Apt. 806,Kempfurt,Nevada,25330,-162.442991,-31.1807495
Brandon Hardy,39,21532 Abigail Junctions,Torresmouth,Arizona,85387,-141.280175,-3.6590845
Eric Adams,67,53824 Ashley Expressway Apt. 374,New Jasmine,Kansas,56137,64.361191,62.6202845
Jennifer Perez,21,632 Ellis Run Suite 260,Danielleberg,West Virginia,27419,68.708616,11.4394695
Jordan Garcia,75,2345 Natalie Turnpike Suite 534,Jamieview,Nevada,06289,-168.407178,59.9693355
Elizabeth Coleman,58,88169 Jessica Plaza Suite 852,Kevinshire,Louisiana,49788,146.343747,-29.313484
Logan Davis,45,4823 Kylie Rapids Suite 245,Stephaniemouth,Vermont,31356,-118.263902,-11.916260
Michelle Chapman,29,32652 Miller Trail,Jordanhaven,South Carolina,43959,-78.262613,48.425764
Donna Guerrero,18,297 Ramirez Inlet Suite 382,North William,Wyoming,28124,-174.557484,-30.7662055
David Smith,49,66573 Wilson Way,Grahamton,North Dakota,56716,-7.012182,-10.724760
Thomas Santiago,49,43878 Michael Lane Suite 842,Nicolemouth,Hawaii,08109,23.963154,11.795026
Olivia Parsons,38,414 Thompson Trafficway Suite 054,Leland,Kentucky,34602,169.478591,-8.6075585
Kristen Lowe,60,7200 Roberts Isle,New Erin,Massachusetts,71645,163.616768,-29.5195255
Lindsey Nash,46,8590 Potts Corner Suite 710,Loweborough,South Carolina,72106,-85.868768,41.050856
Austin Novak,42,6323 Leon Rapids Suite 561,Lake Andrewbury,Washington,36528,-151.434430,-3.411255
Tina Kirk,30,7106 Colin Fords Apt. 708,Richardview,Massachusetts,83063,-90.272950,-52.155537
Tracey Woods,25,5290 Michael Mill Apt. 508,East Brianmouth,Virginia,41213,-140.647078,21.8414075
Alyssa Copeland,31,38844 Lewis Plains Apt. 664,Cruzhaven,North Dakota,76573,128.265162,-63.0741195
Brianna Martinez,31,53351 Amy Village Apt. 541,Ryanborough,Montana,95401,101.418193,59.428403
Susan Bullock,40,81676 Thomas Park,Lake Virginia,Hawaii,17912,-89.273220,81.9225415
Kristen Stewart,40,414 Kevin Isle,Lake Michelefort,Alabama,85249,-115.808933,50.839728
Laura Jones,76,89522 Holmes Squares,Lake Lauratown,Delaware,68032,31.713602,7.740615
Alan Huang,78,27493 Miller Mountain Apt. 498,Port Charlesborough,Alaska,51067,-61.047938,-2.3799145
Christian Villanueva,42,5597 Paul Roads Apt. 086,North Jessebury,Tennessee,53284,-110.196447,60.5485275
John Lewis,46,29872 Leonard Roads,Thomasville,Alabama,41326,-130.196818,81.2121445
Rebecca Robinson,59,73800 Kevin Squares Apt. 433,Karenchester,Alabama,23778,40.610228,-27.442808
Kevin Griffith,64,736 Johnson Lodge Suite 996,Stevenborough,New Mexico,40440,75.507468,-2.5797975
Jimmy Thomas,75,93423 Castillo Stream,North Seanmouth,West Virginia,09959,48.393822,-27.667250
